學校代碼,學校名稱,科系代碼,科系名稱,學生來源所在地,等級別,男生,女生,縣市名稱,體系別
0001,國立政治大學,140101,教育學系,江蘇,M 碩士,0,1,30 臺北市,1 一般
0001,國立政治大學,140401,幼兒教育研究所,北京,M 碩士,0,1,30 臺北市,1 一般
0001,國立政治大學,140401,幼兒教育研究所,遼寧,M 碩士,0,1,30 臺北市,1 一般
0001,國立政治大學,220101,台灣文學研究所,北京,M 碩士,0,1,30 臺北市,1 一般
0001,國立政治大學,220201,中國文學系,上海,M 碩士,1,0,30 臺北市,1 一般
0001,國立政治大學,220201,中國文學系,江蘇,M 碩士,0,1,30 臺北市,1 一般
0001,國立政治大學,220201,中國文學系,浙江,M 碩士,1,0,30 臺北市,1 一般
0001,國立政治大學,220701,語言學研究所,浙江,M 碩士,0,1,30 臺北市,1 一般
0001,國立政治大學,220901,歷史學系,上海,M 碩士,1,0,30 臺北市,1 一般
0001,國立政治大學,221101,哲學系,廣東,M 碩士,0,1,30 臺北市,1 一般
0001,國立政治大學,310201,政治學系,浙江,M 碩士,1,0,30 臺北市,1 一般
0001,國立政治大學,310301,社會學系,廣東,M 碩士,1,0,30 臺北市,1 一般
0001,國立政治大學,310401,民族學系,浙江,M 碩士,1,0,30 臺北市,1 一般
0001,國立政治大學,310705,日本研究碩士學位學程,北京,M 碩士,0,1,30 臺北市,1 一般
0001,國立政治大學,310705,日本研究碩士學位學程,廣東,M 碩士,1,0,30 臺北市,1 一般
0001,國立政治大學,310705,日本研究碩士學位學程,遼寧,M 碩士,0,1,30 臺北市,1 一般
0001,國立政治大學,310801,公共行政學系,福建,M 碩士,0,1,30 臺北市,1 一般
0001,國立政治大學,311002,國家發展研究所,上海,M 碩士,2,0,30 臺北市,1 一般
0001,國立政治大學,320102,傳播學院傳播碩士學位學程,上海,M 碩士,0,1,30 臺北市,1 一般
0001,國立政治大學,320102,傳播學院傳播碩士學位學程,北京,M 碩士,1,1,30 臺北市,1 一般
0001,國立政治大學,320102,傳播學院傳播碩士學位學程,浙江,M 碩士,0,1,30 臺北市,1 一般
0001,國立政治大學,320102,傳播學院傳播碩士學位學程,廣東,M 碩士,0,1,30 臺北市,1 一般
0001,國立政治大學,320201,新聞學系,上海,M 碩士,0,1,30 臺北市,1 一般
0001,國立政治大學,320201,新聞學系,北京,D 博士,0,1,30 臺北市,1 一般
0001,國立政治大學,320201,新聞學系,北京,M 碩士,1,0,30 臺北市,1 一般
0001,國立政治大學,320201,新聞學系,江蘇,M 碩士,0,1,30 臺北市,1 一般
0001,國立政治大學,320201,新聞學系,浙江,M 碩士,0,1,30 臺北市,1 一般
0001,國立政治大學,320201,新聞學系,福建,M 碩士,0,2,30 臺北市,1 一般
0001,國立政治大學,320301,廣播電視學系,江蘇,M 碩士,0,1,30 臺北市,1 一般
0001,國立政治大學,320301,廣播電視學系,湖北,M 碩士,1,0,30 臺北市,1 一般
0001,國立政治大學,320301,廣播電視學系,福建,M 碩士,0,1,30 臺北市,1 一般
0001,國立政治大學,320603,圖書資訊與檔案學研究所,浙江,M 碩士,0,1,30 臺北市,1 一般
0001,國立政治大學,320802,廣告學系,上海,M 碩士,0,1,30 臺北市,1 一般
0001,國立政治大學,320802,廣告學系,江蘇,M 碩士,0,1,30 臺北市,1 一般
0001,國立政治大學,340201,會計學系,北京,M 碩士,1,0,30 臺北市,1 一般
0001,國立政治大學,340201,會計學系,湖北,M 碩士,0,1,30 臺北市,1 一般
0001,國立政治大學,340201,會計學系,廣東,M 碩士,0,1,30 臺北市,1 一般
0001,國立政治大學,340301,企業管理研究所(MBA學位學程),浙江,M 碩士,1,0,30 臺北市,1 一般
0001,國立政治大學,340301,企業管理研究所(MBA學位學程),廣東,M 碩士,1,0,30 臺北市,1 一般
0001,國立政治大學,340408,國際經營與貿易學系,江蘇,M 碩士,1,1,30 臺北市,1 一般
0001,國立政治大學,340408,國際經營與貿易學系,福建,M 碩士,0,1,30 臺北市,1 一般
0001,國立政治大學,340408,國際經營與貿易學系,遼寧,M 碩士,0,1,30 臺北市,1 一般
0001,國立政治大學,340504,財務管理學系,福建,M 碩士,0,1,30 臺北市,1 一般
0001,國立政治大學,340505,金融學系,福建,M 碩士,0,1,30 臺北市,1 一般
0001,國立政治大學,340505,金融學系,廣東,M 碩士,1,1,30 臺北市,1 一般
0001,國立政治大學,340601,風險管理與保險學系,北京,M 碩士,0,1,30 臺北市,1 一般
0001,國立政治大學,340601,風險管理與保險學系,福建,M 碩士,0,1,30 臺北市,1 一般
0001,國立政治大學,340701,財政學系,湖北,M 碩士,1,0,30 臺北市,1 一般
0001,國立政治大學,349984,科技管理與智慧財產研究所智慧財產組,北京,M 碩士,1,0,30 臺北市,1 一般
0001,國立政治大學,380101,法律學系,江蘇,M 碩士,0,2,30 臺北市,1 一般
0001,國立政治大學,380101,法律學系,浙江,M 碩士,0,1,30 臺北市,1 一般
0001,國立政治大學,380101,法律學系,福建,M 碩士,0,1,30 臺北市,1 一般
0001,國立政治大學,380204,法律科際整合研究所,浙江,M 碩士,1,0,30 臺北市,1 一般
0001,國立政治大學,460102,應用數學系,福建,M 碩士,1,0,30 臺北市,1 一般
0001,國立政治大學,460201,統計學系,福建,M 碩士,0,1,30 臺北市,1 一般
0001,國立政治大學,480109,資訊管理學系,北京,M 碩士,0,1,30 臺北市,1 一般
0001,國立政治大學,480109,資訊管理學系,江蘇,M 碩士,1,0,30 臺北市,1 一般
0002,國立清華大學,220201,中國文學系,江蘇,M 碩士,0,1,18 新竹市,1 一般
0002,國立清華大學,220901,歷史研究所,江蘇,D 博士,1,0,18 新竹市,1 一般
0002,國立清華大學,221001,人類學研究所,湖北,M 碩士,0,1,18 新竹市,1 一般
0002,國立清華大學,310101,經濟學系,廣東,M 碩士,0,1,18 新竹市,1 一般
0002,國立清華大學,310101,經濟學系,遼寧,M 碩士,0,1,18 新竹市,1 一般
0002,國立清華大學,310301,社會學研究所,江蘇,M 碩士,0,1,18 新竹市,1 一般
0002,國立清華大學,340501,計量財務金融學系,北京,M 碩士,0,1,18 新竹市,1 一般
0002,國立清華大學,340501,計量財務金融學系,浙江,M 碩士,0,2,18 新竹市,1 一般
0002,國立清華大學,340501,計量財務金融學系,湖北,M 碩士,1,0,18 新竹市,1 一般
0002,國立清華大學,340501,計量財務金融學系,福建,M 碩士,1,0,18 新竹市,1 一般
0002,國立清華大學,349951,服務科學研究所,江蘇,M 碩士,1,0,18 新竹市,1 一般
0002,國立清華大學,380203,科技法律研究所,福建,M 碩士,1,0,18 新竹市,1 一般
0002,國立清華大學,440101,化學系應用化學組,廣東,M 碩士,1,0,18 新竹市,1 一般
0002,國立清華大學,460101,數學系應用數學組,江蘇,M 碩士,1,0,18 新竹市,1 一般
0002,國立清華大學,520101,電機工程學系,江蘇,M 碩士,1,0,18 新竹市,1 一般
0002,國立清華大學,520103,電子工程研究所,上海,M 碩士,1,0,18 新竹市,1 一般
0002,國立清華大學,520106,光電工程研究所,遼寧,M 碩士,1,0,18 新竹市,1 一般
0002,國立清華大學,520114,資訊工程學系,浙江,M 碩士,1,1,18 新竹市,1 一般
0002,國立清華大學,520201,動力機械工程學系,湖北,M 碩士,2,0,18 新竹市,1 一般
0002,國立清華大學,520201,動力機械工程學系,福建,M 碩士,1,0,18 新竹市,1 一般
0002,國立清華大學,520502,材料科學工程學系,北京,M 碩士,0,1,18 新竹市,1 一般
0002,國立清華大學,520502,材料科學工程學系,江蘇,M 碩士,1,0,18 新竹市,1 一般
0002,國立清華大學,520502,材料科學工程學系,廣東,M 碩士,0,2,18 新竹市,1 一般
0002,國立清華大學,520601,工業工程與工程管理學系工程管理組,北京,M 碩士,1,0,18 新竹市,1 一般
0002,國立清華大學,520601,工業工程與工程管理學系工業工程組,北京,M 碩士,1,0,18 新竹市,1 一般
0002,國立清華大學,520601,工業工程與工程管理學系工程管理組,江蘇,M 碩士,1,0,18 新竹市,1 一般
0002,國立清華大學,520601,工業工程與工程管理學系工程管理組,浙江,M 碩士,1,0,18 新竹市,1 一般
0002,國立清華大學,520601,工業工程與工程管理學系工業工程組,浙江,M 碩士,1,0,18 新竹市,1 一般
0002,國立清華大學,521104,生醫工程與環境科學系,廣東,M 碩士,1,0,18 新竹市,1 一般
0002,國立清華大學,521108,生物醫學工程研究所,江蘇,M 碩士,1,0,18 新竹市,1 一般
0002,國立清華大學,521202,核子工程與科學研究所,上海,M 碩士,1,0,18 新竹市,1 一般
0003,國立臺灣大學,220101,臺灣文學研究所,北京,M 碩士,0,1,30 臺北市,1 一般
0003,國立臺灣大學,220201,中國文學系,江蘇,M 碩士,0,1,30 臺北市,1 一般
0003,國立臺灣大學,220201,中國文學系,福建,M 碩士,1,0,30 臺北市,1 一般
0003,國立臺灣大學,220201,中國文學系,廣東,M 碩士,0,1,30 臺北市,1 一般
0003,國立臺灣大學,220501,翻譯碩士學位學程,上海,M 碩士,0,1,30 臺北市,1 一般
0003,國立臺灣大學,220501,翻譯碩士學位學程,福建,M 碩士,0,1,30 臺北市,1 一般
0003,國立臺灣大學,220901,歷史學系,浙江,M 碩士,1,0,30 臺北市,1 一般
0003,國立臺灣大學,310101,經濟學系,北京,M 碩士,1,0,30 臺北市,1 一般
0003,國立臺灣大學,310101,經濟學系,廣東,M 碩士,1,0,30 臺北市,1 一般
0003,國立臺灣大學,310201,政治學系,北京,M 碩士,0,1,30 臺北市,1 一般
0003,國立臺灣大學,310201,政治學系,浙江,M 碩士,0,1,30 臺北市,1 一般
0003,國立臺灣大學,310201,政治學系,廣東,M 碩士,1,0,30 臺北市,1 一般
0003,國立臺灣大學,310201,政治學系,遼寧,M 碩士,0,1,30 臺北市,1 一般
0003,國立臺灣大學,310301,社會學系,北京,M 碩士,0,1,30 臺北市,1 一般
0003,國立臺灣大學,310501,心理學系一般心理學組,上海,M 碩士,0,1,30 臺北市,1 一般
0003,國立臺灣大學,310501,心理學系一般心理學組,浙江,M 碩士,0,1,30 臺北市,1 一般
0003,國立臺灣大學,311002,國家發展研究所,江蘇,M 碩士,1,0,30 臺北市,1 一般
0003,國立臺灣大學,311002,國家發展研究所,湖北,M 碩士,1,0,30 臺北市,1 一般
0003,國立臺灣大學,311002,國家發展研究所,廣東,M 碩士,1,1,30 臺北市,1 一般
0003,國立臺灣大學,320201,新聞研究所,浙江,M 碩士,0,2,30 臺北市,1 一般
0003,國立臺灣大學,320602,圖書資訊學系,廣東,M 碩士,1,0,30 臺北市,1 一般
0003,國立臺灣大學,340201,會計學系,江蘇,M 碩士,0,1,30 臺北市,1 一般
0003,國立臺灣大學,340201,會計學系,廣東,M 碩士,0,2,30 臺北市,1 一般
0003,國立臺灣大學,340307,國際企業學系,上海,M 碩士,0,1,30 臺北市,1 一般
0003,國立臺灣大學,340307,國際企業學系,福建,M 碩士,1,1,30 臺北市,1 一般
0003,國立臺灣大學,340501,財務金融學系,浙江,M 碩士,0,1,30 臺北市,1 一般
0003,國立臺灣大學,380101,法律學系,江蘇,M 碩士,0,1,30 臺北市,1 一般
0003,國立臺灣大學,380101,法律學系,湖北,M 碩士,0,1,30 臺北市,1 一般
0003,國立臺灣大學,380101,法律學系,福建,M 碩士,1,1,30 臺北市,1 一般
0003,國立臺灣大學,380101,法律學系,遼寧,M 碩士,1,0,30 臺北市,1 一般
0003,國立臺灣大學,420106,植物科學研究所,浙江,M 碩士,0,2,30 臺北市,1 一般
0003,國立臺灣大學,420202,生態學與演化生物學研究所,廣東,M 碩士,0,1,30 臺北市,1 一般
0003,國立臺灣大學,420313,分子與細胞生物學研究所,福建,M 碩士,1,0,30 臺北市,1 一般
0003,國立臺灣大學,440101,化學系化學組,江蘇,M 碩士,0,1,30 臺北市,1 一般
0003,國立臺灣大學,440101,化學系化學組,廣東,M 碩士,1,0,30 臺北市,1 一般
0003,國立臺灣大學,440203,地質科學系地質組,北京,M 碩士,0,1,30 臺北市,1 一般
0003,國立臺灣大學,440203,地質科學系應用地質組,福建,M 碩士,1,0,30 臺北市,1 一般
0003,國立臺灣大學,480109,資訊管理學系,福建,M 碩士,0,1,30 臺北市,1 一般
0003,國立臺灣大學,480202,資訊網路與多媒體研究所,浙江,M 碩士,2,2,30 臺北市,1 一般
0003,國立臺灣大學,480202,資訊網路與多媒體研究所,廣東,M 碩士,0,1,30 臺北市,1 一般
0003,國立臺灣大學,520101,電機工程學系,江蘇,M 碩士,0,1,30 臺北市,1 一般
0003,國立臺灣大學,520101,電機工程學系,浙江,M 碩士,1,0,30 臺北市,1 一般
0003,國立臺灣大學,520101,電機工程學系,福建,M 碩士,1,0,30 臺北市,1 一般
0003,國立臺灣大學,520103,電子工程學研究所,江蘇,D 博士,1,0,30 臺北市,1 一般
0003,國立臺灣大學,520103,電子工程學研究所,江蘇,M 碩士,1,0,30 臺北市,1 一般
0003,國立臺灣大學,520106,光電工程學研究所,江蘇,M 碩士,1,0,30 臺北市,1 一般
0003,國立臺灣大學,520114,資訊工程學系,北京,M 碩士,1,0,30 臺北市,1 一般
0003,國立臺灣大學,520114,資訊工程學系,湖北,M 碩士,1,0,30 臺北市,1 一般
0003,國立臺灣大學,520114,資訊工程學系,福建,M 碩士,2,0,30 臺北市,1 一般
0003,國立臺灣大學,520114,資訊工程學系,廣東,M 碩士,0,1,30 臺北市,1 一般
0003,國立臺灣大學,520123,電信工程學研究所,北京,M 碩士,1,0,30 臺北市,1 一般
0003,國立臺灣大學,520123,電信工程學研究所,浙江,M 碩士,0,1,30 臺北市,1 一般
0003,國立臺灣大學,520123,電信工程學研究所,福建,M 碩士,1,0,30 臺北市,1 一般
0003,國立臺灣大學,520201,機械工程學系熱學組,湖北,M 碩士,0,1,30 臺北市,1 一般
0003,國立臺灣大學,520201,機械工程學系設計組,遼寧,M 碩士,0,1,30 臺北市,1 一般
0003,國立臺灣大學,520239,生物產業機電工程學系,浙江,M 碩士,1,0,30 臺北市,1 一般
0003,國立臺灣大學,520301,土木工程學系交通工程組,北京,M 碩士,1,0,30 臺北市,1 一般
0003,國立臺灣大學,520301,土木工程學系營建工程與管理組,北京,M 碩士,1,0,30 臺北市,1 一般
0003,國立臺灣大學,520301,土木工程學系大地工程組,福建,M 碩士,1,0,30 臺北市,1 一般
0003,國立臺灣大學,520401,化學工程學系,江蘇,M 碩士,1,0,30 臺北市,1 一般
0003,國立臺灣大學,520401,化學工程學系,廣東,M 碩士,0,1,30 臺北市,1 一般
0003,國立臺灣大學,520502,材料科學與工程學系,浙江,M 碩士,0,1,30 臺北市,1 一般
0003,國立臺灣大學,520901,環境工程學研究所環境規劃與管理組,北京,M 碩士,0,1,30 臺北市,1 一般
0003,國立臺灣大學,520901,環境工程學研究所環境科學與工程組,浙江,M 碩士,1,0,30 臺北市,1 一般
0003,國立臺灣大學,520901,環境工程學研究所環境科學與工程組,湖北,M 碩士,0,1,30 臺北市,1 一般
0003,國立臺灣大學,520901,環境工程學研究所環境科學與工程組,福建,M 碩士,1,0,30 臺北市,1 一般
0003,國立臺灣大學,520901,環境工程學研究所環境規劃與管理組,廣東,M 碩士,0,1,30 臺北市,1 一般
0003,國立臺灣大學,521307,醫學工程學研究所,北京,M 碩士,1,0,30 臺北市,1 一般
0003,國立臺灣大學,589901,建築與城鄉研究所,北京,M 碩士,0,1,30 臺北市,1 一般
0003,國立臺灣大學,589901,建築與城鄉研究所,江蘇,M 碩士,0,1,30 臺北市,1 一般
0003,國立臺灣大學,589901,建築與城鄉研究所,福建,M 碩士,1,0,30 臺北市,1 一般
0003,國立臺灣大學,589901,建築與城鄉研究所,廣東,M 碩士,1,0,30 臺北市,1 一般
0003,國立臺灣大學,620303,園藝暨景觀學系園藝作物組,上海,M 碩士,0,1,30 臺北市,1 一般
0003,國立臺灣大學,620303,園藝暨景觀學系景觀暨休憩組,湖北,M 碩士,0,1,30 臺北市,1 一般
0003,國立臺灣大學,620501,農業經濟學系,浙江,M 碩士,0,1,30 臺北市,1 一般
0003,國立臺灣大學,620602,食品科技研究所,浙江,M 碩士,0,1,30 臺北市,1 一般
0003,國立臺灣大學,620602,食品科技研究所,福建,M 碩士,0,1,30 臺北市,1 一般
0003,國立臺灣大學,760301,社會工作學系,上海,M 碩士,0,1,30 臺北市,1 一般
0003,國立臺灣大學,760301,社會工作學系,北京,M 碩士,0,1,30 臺北市,1 一般
0003,國立臺灣大學,760301,社會工作學系,廣東,M 碩士,0,1,30 臺北市,1 一般
0004,國立臺灣師範大學,210401,音樂學系,福建,M 碩士,1,0,30 臺北市,3 師範
0004,國立臺灣師範大學,220204,應用華語文學系,廣東,M 碩士,0,1,30 臺北市,3 師範
0004,國立臺灣師範大學,310702,東亞學系漢學與文化組,浙江,M 碩士,1,0,30 臺北市,3 師範
0004,國立臺灣師範大學,340306,管理研究所,浙江,M 碩士,1,0,30 臺北市,3 師範
0004,國立臺灣師範大學,760102,復健諮商研究所,湖北,M 碩士,0,1,30 臺北市,3 師範
0005,國立成功大學,140101,教育研究所,廣東,M 碩士,0,1,21 臺南市,1 一般
0005,國立成功大學,140101,教育研究所,遼寧,M 碩士,0,1,21 臺南市,1 一般
0005,國立成功大學,220101,台灣文學系,廣東,M 碩士,1,0,21 臺南市,1 一般
0005,國立成功大學,220201,中國文學系中國文學碩士班,北京,M 碩士,0,1,21 臺南市,1 一般
0005,國立成功大學,230109,創意產業設計研究所,浙江,M 碩士,0,1,21 臺南市,1 一般
0005,國立成功大學,230109,創意產業設計研究所,福建,M 碩士,0,3,21 臺南市,1 一般
0005,國立成功大學,310101,經濟學系,福建,M 碩士,1,0,21 臺南市,1 一般
0005,國立成功大學,310109,政治經濟研究所,北京,M 碩士,0,1,21 臺南市,1 一般
0005,國立成功大學,310501,心理學系,江蘇,M 碩士,0,1,21 臺南市,1 一般
0005,國立成功大學,310501,心理學系,廣東,M 碩士,0,1,21 臺南市,1 一般
0005,國立成功大學,340201,會計學系,湖北,M 碩士,0,1,21 臺南市,1 一般
0005,國立成功大學,340201,會計學系,廣東,M 碩士,0,1,21 臺南市,1 一般
0005,國立成功大學,340301,企業管理學系,浙江,M 碩士,0,1,21 臺南市,1 一般
0005,國立成功大學,340301,企業管理學系,廣東,M 碩士,0,1,21 臺南市,1 一般
0005,國立成功大學,340307,國際企業研究所,江蘇,M 碩士,0,1,21 臺南市,1 一般
0005,國立成功大學,340501,財務金融研究所,廣東,M 碩士,1,0,21 臺南市,1 一般
0005,國立成功大學,380101,法律學系,北京,M 碩士,1,0,21 臺南市,1 一般
0005,國立成功大學,380101,法律學系,湖北,M 碩士,1,0,21 臺南市,1 一般
0005,國立成功大學,420402,微生物及免疫學研究所,浙江,M 碩士,0,1,21 臺南市,1 一般
0005,國立成功大學,480109,資訊管理研究所,福建,M 碩士,1,0,21 臺南市,1 一般
0005,國立成功大學,520101,電機工程學系,江蘇,M 碩士,1,0,21 臺南市,1 一般
0005,國立成功大學,520101,電機工程學系,湖北,M 碩士,1,0,21 臺南市,1 一般
0005,國立成功大學,520103,微電子工程研究所,北京,M 碩士,1,0,21 臺南市,1 一般
0005,國立成功大學,520106,光電科學與工程學系,福建,M 碩士,1,0,21 臺南市,1 一般
0005,國立成功大學,520114,資訊工程學系,福建,M 碩士,1,0,21 臺南市,1 一般
0005,國立成功大學,520114,資訊工程學系,廣東,M 碩士,1,0,21 臺南市,1 一般
0005,國立成功大學,520168,電腦與通信工程研究所,江蘇,M 碩士,1,0,21 臺南市,1 一般
0005,國立成功大學,520201,機械工程學系,江蘇,M 碩士,0,1,21 臺南市,1 一般
0005,國立成功大學,520201,機械工程學系,湖北,M 碩士,1,0,21 臺南市,1 一般
0005,國立成功大學,520201,機械工程學系,福建,M 碩士,1,0,21 臺南市,1 一般
0005,國立成功大學,520301,土木工程學系,福建,M 碩士,0,1,21 臺南市,1 一般
0005,國立成功大學,520401,化學工程學系,湖北,M 碩士,1,0,21 臺南市,1 一般
0005,國立成功大學,520502,材料科學及工程學系,江蘇,M 碩士,1,0,21 臺南市,1 一般
0005,國立成功大學,520502,材料科學及工程學系,福建,M 碩士,0,1,21 臺南市,1 一般
0005,國立成功大學,521108,生物醫學工程學系,上海,M 碩士,1,0,21 臺南市,1 一般
0005,國立成功大學,580101,建築學系,江蘇,M 碩士,1,0,21 臺南市,1 一般
0005,國立成功大學,580101,建築學系,浙江,M 碩士,2,0,21 臺南市,1 一般
0005,國立成功大學,580301,都市計劃學系,北京,M 碩士,0,1,21 臺南市,1 一般
0005,國立成功大學,580301,都市計劃學系,浙江,M 碩士,1,0,21 臺南市,1 一般
0005,國立成功大學,720401,物理治療學系,遼寧,M 碩士,0,1,21 臺南市,1 一般
0005,國立成功大學,840104,交通管理科學系,福建,M 碩士,1,0,21 臺南市,1 一般
0006,國立中興大學,310810,國家政策與公共事務研究所,北京,M 碩士,0,1,19 臺中市,1 一般
0006,國立中興大學,340501,財務金融學系,湖北,M 碩士,0,1,19 臺中市,1 一般
0006,國立中興大學,640101,獸醫學系,浙江,M 碩士,0,4,19 臺中市,1 一般
0007,國立交通大學,310307,社會與文化研究所,北京,M 碩士,0,1,18 新竹市,1 一般
0007,國立交通大學,310307,社會與文化研究所,廣東,M 碩士,1,0,18 新竹市,1 一般
0007,國立交通大學,320102,傳播研究所,廣東,M 碩士,0,1,18 新竹市,1 一般
0007,國立交通大學,340306,管理科學系,北京,M 碩士,1,0,18 新竹市,1 一般
0007,國立交通大學,340306,管理科學系,浙江,M 碩士,0,1,18 新竹市,1 一般
0007,國立交通大學,340306,管理科學系,湖北,M 碩士,0,1,18 新竹市,1 一般
0007,國立交通大學,340306,管理科學系,廣東,M 碩士,1,0,18 新竹市,1 一般
0007,國立交通大學,340530,資訊管理與財務金融學系資訊管理碩士班,北京,M 碩士,0,1,18 新竹市,1 一般
0007,國立交通大學,340530,資訊管理與財務金融學系財務金融碩士班,江蘇,M 碩士,0,1,18 新竹市,1 一般
0007,國立交通大學,340530,資訊管理與財務金融學系財務金融碩士班,遼寧,M 碩士,0,2,18 新竹市,1 一般
0007,國立交通大學,349901,科技管理研究所,廣東,M 碩士,0,1,18 新竹市,1 一般
0007,國立交通大學,440303,電子物理學系,北京,M 碩士,1,0,18 新竹市,1 一般
0007,國立交通大學,520103,電子研究所,福建,M 碩士,2,0,18 新竹市,1 一般
0007,國立交通大學,520103,電子研究所,遼寧,M 碩士,1,0,18 新竹市,1 一般
0007,國立交通大學,520117,網路工程研究所,遼寧,M 碩士,1,0,18 新竹市,1 一般
0007,國立交通大學,520119,資訊科學與工程研究所,北京,M 碩士,1,0,18 新竹市,1 一般
0007,國立交通大學,520119,資訊科學與工程研究所,江蘇,M 碩士,1,0,18 新竹市,1 一般
0007,國立交通大學,520119,資訊科學與工程研究所,湖北,M 碩士,1,0,18 新竹市,1 一般
0007,國立交通大學,520119,資訊科學與工程研究所,福建,D 博士,1,0,18 新竹市,1 一般
0007,國立交通大學,520119,資訊科學與工程研究所,廣東,M 碩士,2,1,18 新竹市,1 一般
0007,國立交通大學,520119,資訊科學與工程研究所,遼寧,M 碩士,1,0,18 新竹市,1 一般
0007,國立交通大學,520123,電信工程研究所,上海,M 碩士,2,0,18 新竹市,1 一般
0007,國立交通大學,520123,電信工程研究所,湖北,M 碩士,1,0,18 新竹市,1 一般
0007,國立交通大學,520201,機械工程學系,北京,M 碩士,1,0,18 新竹市,1 一般
0007,國立交通大學,520201,機械工程學系,湖北,M 碩士,1,0,18 新竹市,1 一般
0007,國立交通大學,520301,土木工程學系,北京,M 碩士,1,0,18 新竹市,1 一般
0007,國立交通大學,520301,土木工程學系,江蘇,M 碩士,2,0,18 新竹市,1 一般
0007,國立交通大學,520301,土木工程學系,浙江,M 碩士,2,0,18 新竹市,1 一般
0007,國立交通大學,520301,土木工程學系,湖北,M 碩士,1,0,18 新竹市,1 一般
0008,國立中央大學,210701,藝術學研究所,廣東,M 碩士,0,1,03 桃園市,1 一般
0008,國立中央大學,220201,中國文學系,上海,D 博士,1,0,03 桃園市,1 一般
0008,國立中央大學,220201,中國文學系,福建,M 碩士,0,1,03 桃園市,1 一般
0008,國立中央大學,220901,歷史研究所,福建,M 碩士,0,1,03 桃園市,1 一般
0008,國立中央大學,221101,哲學研究所,上海,M 碩士,0,1,03 桃園市,1 一般
0008,國立中央大學,310101,經濟學系,福建,M 碩士,1,0,03 桃園市,1 一般
0008,國立中央大學,311025,客家語文暨社會科學學系客家社會文化碩士班,江蘇,M 碩士,0,1,03 桃園市,1 一般
0008,國立中央大學,349919,人力資源管理研究所,浙江,M 碩士,0,1,03 桃園市,1 一般
0008,國立中央大學,349919,人力資源管理研究所,遼寧,M 碩士,0,1,03 桃園市,1 一般
0008,國立中央大學,440207,水文與海洋科學研究所,遼寧,M 碩士,0,1,03 桃園市,1 一般
0008,國立中央大學,460101,數學系,福建,M 碩士,1,0,03 桃園市,1 一般
0008,國立中央大學,520106,光電科學與工程學系,湖北,M 碩士,1,0,03 桃園市,1 一般
0008,國立中央大學,520114,資訊工程學系,北京,M 碩士,0,1,03 桃園市,1 一般
0008,國立中央大學,520301,土木工程學系,江蘇,M 碩士,1,0,03 桃園市,1 一般
0008,國立中央大學,520502,材料科學與工程研究所,遼寧,M 碩士,0,1,03 桃園市,1 一般
0008,國立中央大學,521116,生醫科學與工程學系生物醫學工程碩士班,江蘇,M 碩士,1,0,03 桃園市,1 一般
0009,國立中山大學,310101,經濟學研究所,湖北,M 碩士,1,0,50 高雄市,1 一般
0009,國立中山大學,310729,中國與亞太區域研究所,江蘇,M 碩士,1,0,50 高雄市,1 一般
0009,國立中山大學,340301,企業管理學系,廣東,D 博士,1,0,50 高雄市,1 一般
0009,國立中山大學,340504,財務管理學系,廣東,D 博士,1,0,50 高雄市,1 一般
0009,國立中山大學,340822,行銷傳播管理研究所,浙江,M 碩士,0,1,50 高雄市,1 一般
0012,國立臺灣海洋大學,229905,海洋文化研究所,北京,M 碩士,1,0,17 基隆市,1 一般
0012,國立臺灣海洋大學,380202,海洋法律研究所,福建,M 碩士,1,0,17 基隆市,1 一般
0013,國立中正大學,220201,中國文學系,浙江,M 碩士,2,0,10 嘉義縣,1 一般
0013,國立中正大學,220701,語言學研究所,浙江,D 博士,1,0,10 嘉義縣,1 一般
0013,國立中正大學,380101,法律學系,北京,M 碩士,1,0,10 嘉義縣,1 一般
0014,國立高雄師範大學,349918,人力與知識管理研究所,廣東,M 碩士,1,0,50 高雄市,3 師範
0017,國立臺北大學,380101,法律學系一般生組,北京,M 碩士,0,1,01 新北市,1 一般
0020,國立東華大學,340501,財務金融學系,遼寧,M 碩士,1,0,15 花蓮縣,1 一般
0022,國立臺灣科技大學,230301,工商業設計系,江蘇,M 碩士,0,1,30 臺北市,2 技職
0022,國立臺灣科技大學,230301,工商業設計系,浙江,M 碩士,0,1,30 臺北市,2 技職
0022,國立臺灣科技大學,340301,企業管理系,福建,C 二技,2,1,30 臺北市,2 技職
0022,國立臺灣科技大學,340301,企業管理系,廣東,C 二技,4,6,30 臺北市,2 技職
0022,國立臺灣科技大學,349906,工業管理系,福建,C 二技,1,1,30 臺北市,2 技職
0022,國立臺灣科技大學,349906,工業管理系,廣東,C 二技,1,0,30 臺北市,2 技職
0022,國立臺灣科技大學,520114,資訊工程系,北京,M 碩士,1,0,30 臺北市,2 技職
0022,國立臺灣科技大學,520114,資訊工程系,湖北,M 碩士,1,0,30 臺北市,2 技職
0023,國立雲林科技大學,230108,創意生活設計系,江蘇,M 碩士,1,0,09 雲林縣,2 技職
0023,國立雲林科技大學,230404,建築與室內設計系,江蘇,M 碩士,0,1,09 雲林縣,2 技職
0023,國立雲林科技大學,340301,企業管理系,廣東,C 二技,1,3,09 雲林縣,2 技職
0023,國立雲林科技大學,480109,資訊管理系,廣東,C 二技,1,0,09 雲林縣,2 技職
0023,國立雲林科技大學,520905,環境與安全衛生工程系,福建,C 二技,0,1,09 雲林縣,2 技職
0024,國立屏東科技大學,580204,景觀暨遊憩管理研究所,北京,M 碩士,1,0,13 屏東縣,2 技職
0024,國立屏東科技大學,620504,農企業管理系,遼寧,M 碩士,0,1,13 屏東縣,2 技職
0025,國立臺北科技大學,230213,互動設計系,北京,M 碩士,0,1,30 臺北市,2 技職
0025,國立臺北科技大學,230213,互動設計系,江蘇,M 碩士,0,2,30 臺北市,2 技職
0025,國立臺北科技大學,520101,電機工程系,江蘇,M 碩士,1,0,30 臺北市,2 技職
0025,國立臺北科技大學,520103,電子工程系,廣東,C 二技,5,0,30 臺北市,2 技職
0025,國立臺北科技大學,520201,機械工程系精密設計組,福建,C 二技,1,0,30 臺北市,2 技職
0025,國立臺北科技大學,520301,土木工程系,福建,C 二技,6,1,30 臺北市,2 技職
0025,國立臺北科技大學,520301,土木工程系,廣東,C 二技,1,1,30 臺北市,2 技職
0026,國立高雄第一科技大學,340601,風險管理與保險系,廣東,C 二技,2,0,12 高雄市,2 技職
0026,國立高雄第一科技大學,520130,電腦與通訊工程系,廣東,C 二技,1,0,12 高雄市,2 技職
0028,國立臺北藝術大學,211001,藝術行政與管理研究所,福建,M 碩士,0,1,30 臺北市,1 一般
0029,國立臺灣藝術大學,210104,書畫藝術學系,北京,D 博士,1,0,01 新北市,1 一般
0029,國立臺灣藝術大學,320301,廣播電視學系,福建,M 碩士,1,0,01 新北市,1 一般
0031,國立宜蘭大學,520901,環境工程學系,福建,M 碩士,0,1,02 宜蘭縣,1 一般
0034,國立高雄海洋科技大學,840107,航運技術系,廣東,C 二技,0,1,50 高雄市,2 技職
0035,國立臺南藝術大學,210406,民族音樂學研究所,福建,M 碩士,1,0,11 臺南市,1 一般
0036,國立臺南大學,420302,生物科技學系,浙江,M 碩士,1,0,21 臺南市,1 一般
0038,國立清華大學南大校區(原：國立新竹教育大學),140401,幼兒教育學系,江蘇,M 碩士,0,1,18 新竹市,3 師範
0042,國立澎湖科技大學,220303,應用外語系,江蘇,B 學士,0,1,16 澎湖縣,2 技職
0042,國立澎湖科技大學,840106,航運管理系,上海,B 學士,1,0,16 澎湖縣,2 技職
0044,國立體育大學,810501,運動保健學系,江蘇,M 碩士,1,0,03 桃園市,1 一般
0047,國立高雄餐旅大學,810101,旅館管理系,福建,C 二技,1,0,50 高雄市,2 技職
0048,國立金門大學,220204,華語文學系,福建,B 學士,0,1,71 金門縣,1 一般
0048,國立金門大學,220312,應用英語學系,福建,B 學士,1,1,71 金門縣,1 一般
0048,國立金門大學,220312,應用英語學系,廣東,B 學士,0,1,71 金門縣,1 一般
0048,國立金門大學,310901,國際暨大陸事務學系,福建,B 學士,2,0,71 金門縣,1 一般
0048,國立金門大學,310901,國際暨大陸事務學系,廣東,B 學士,0,1,71 金門縣,1 一般
0048,國立金門大學,340301,企業管理學系,福建,B 學士,1,0,71 金門縣,1 一般
0048,國立金門大學,520103,電子工程學系,浙江,B 學士,1,0,71 金門縣,1 一般
0048,國立金門大學,520325,土木與工程管理學系,江蘇,B 學士,1,0,71 金門縣,1 一般
0048,國立金門大學,520325,土木與工程管理學系,福建,B 學士,1,0,71 金門縣,1 一般
0048,國立金門大學,620601,食品科學系,江蘇,B 學士,0,1,71 金門縣,1 一般
0051,國立臺北商業大學,340301,企業管理系,廣東,C 二技,0,2,30 臺北市,2 技職
0052,國立屏東大學,220201,中國語文學系,浙江,M 碩士,1,0,13 屏東縣,1 一般
1001,東海大學,210101,美術學系,廣東,B 學士,0,1,19 臺中市,1 一般
1001,東海大學,210401,音樂學系,浙江,B 學士,0,1,19 臺中市,1 一般
1001,東海大學,220201,中國文學系,浙江,B 學士,0,1,19 臺中市,1 一般
1001,東海大學,220201,中國文學系,福建,B 學士,0,1,19 臺中市,1 一般
1001,東海大學,220301,外國語文學系,上海,B 學士,0,1,19 臺中市,1 一般
1001,東海大學,220301,外國語文學系,福建,B 學士,0,1,19 臺中市,1 一般
1001,東海大學,310101,經濟學系一般經濟組,福建,B 學士,1,0,19 臺中市,1 一般
1001,東海大學,310201,政治學系國際關係組,北京,B 學士,1,0,19 臺中市,1 一般
1001,東海大學,310301,社會學系,江蘇,B 學士,1,0,19 臺中市,1 一般
1001,東海大學,310301,社會學系,福建,B 學士,0,1,19 臺中市,1 一般
1001,東海大學,310804,行政管理暨政策學系,浙江,B 學士,0,1,19 臺中市,1 一般
1001,東海大學,340201,會計學系,福建,B 學士,0,1,19 臺中市,1 一般
1001,東海大學,340301,企業管理學系,廣東,B 學士,0,1,19 臺中市,1 一般
1001,東海大學,340408,國際經營與貿易學系,福建,B 學士,0,2,19 臺中市,1 一般
1001,東海大學,340408,國際經營與貿易學系,廣東,B 學士,0,1,19 臺中市,1 一般
1001,東海大學,380101,法律學系,上海,B 學士,0,1,19 臺中市,1 一般
1001,東海大學,380101,法律學系,浙江,B 學士,0,1,19 臺中市,1 一般
1001,東海大學,380101,法律學系,福建,M 碩士,1,0,19 臺中市,1 一般
1001,東海大學,380101,法律學系,福建,B 學士,0,1,19 臺中市,1 一般
1001,東海大學,440101,化學系化學生物組,廣東,B 學士,0,1,19 臺中市,1 一般
1001,東海大學,480109,資訊管理學系,浙江,B 學士,1,0,19 臺中市,1 一般
1001,東海大學,520114,資訊工程學系軟體工程組,北京,B 學士,0,1,19 臺中市,1 一般
1001,東海大學,520114,資訊工程學系軟體工程組,浙江,B 學士,1,0,19 臺中市,1 一般
1001,東海大學,520602,工業工程與經營資訊學系,浙江,B 學士,0,1,19 臺中市,1 一般
1001,東海大學,520602,工業工程與經營資訊學系,福建,B 學士,1,0,19 臺中市,1 一般
1001,東海大學,520904,環境科學與工程學系,浙江,B 學士,1,0,19 臺中市,1 一般
1001,東海大學,580101,建築學系,浙江,M 碩士,1,0,19 臺中市,1 一般
1001,東海大學,580203,景觀學系,北京,M 碩士,0,1,19 臺中市,1 一般
1001,東海大學,580203,景觀學系,北京,B 學士,1,1,19 臺中市,1 一般
1001,東海大學,580203,景觀學系,湖北,M 碩士,0,1,19 臺中市,1 一般
1001,東海大學,580203,景觀學系,福建,M 碩士,1,0,19 臺中市,1 一般
1001,東海大學,580203,景觀學系,福建,B 學士,0,1,19 臺中市,1 一般
1001,東海大學,620202,畜產與生物科技學系,浙江,B 學士,1,0,19 臺中市,1 一般
1002,輔仁大學,210101,應用美術學系,北京,M 碩士,1,0,01 新北市,1 一般
1002,輔仁大學,210101,應用美術學系,廣東,M 碩士,0,1,01 新北市,1 一般
1002,輔仁大學,210401,音樂學系,北京,B 學士,1,0,01 新北市,1 一般
1002,輔仁大學,220201,中國文學系,上海,B 學士,0,1,01 新北市,1 一般
1002,輔仁大學,220201,中國文學系,北京,D 博士,0,1,01 新北市,1 一般
1002,輔仁大學,220201,中國文學系,北京,M 碩士,1,0,01 新北市,1 一般
1002,輔仁大學,220201,中國文學系,廣東,B 學士,0,1,01 新北市,1 一般
1002,輔仁大學,220307,英國語文學系,上海,B 學士,0,1,01 新北市,1 一般
1002,輔仁大學,220307,英國語文學系,北京,M 碩士,0,1,01 新北市,1 一般
1002,輔仁大學,220314,法國語文學系,浙江,B 學士,1,1,01 新北市,1 一般
1002,輔仁大學,220314,法國語文學系,福建,B 學士,1,0,01 新北市,1 一般
1002,輔仁大學,220316,德語語文學系,北京,B 學士,1,0,01 新北市,1 一般
1002,輔仁大學,220316,德語語文學系,浙江,B 學士,0,1,01 新北市,1 一般
1002,輔仁大學,220316,德語語文學系,福建,B 學士,0,1,01 新北市,1 一般
1002,輔仁大學,220318,西班牙語文學系,浙江,B 學士,0,1,01 新北市,1 一般
1002,輔仁大學,220325,義大利語文學系,北京,B 學士,1,0,01 新北市,1 一般
1002,輔仁大學,220901,歷史學系,北京,B 學士,0,1,01 新北市,1 一般
1002,輔仁大學,310101,經濟學系,北京,M 碩士,1,0,01 新北市,1 一般
1002,輔仁大學,310101,經濟學系,北京,B 學士,1,1,01 新北市,1 一般
1002,輔仁大學,310101,經濟學系,湖北,M 碩士,0,1,01 新北市,1 一般
1002,輔仁大學,310301,社會學系,江蘇,M 碩士,0,1,01 新北市,1 一般
1002,輔仁大學,310501,心理學系,江蘇,B 學士,0,2,01 新北市,1 一般
1002,輔仁大學,310501,心理學系,浙江,M 碩士,0,1,01 新北市,1 一般
1002,輔仁大學,310501,心理學系,福建,B 學士,0,1,01 新北市,1 一般
1002,輔仁大學,310501,心理學系,廣東,B 學士,0,1,01 新北市,1 一般
1002,輔仁大學,310501,心理學系,遼寧,M 碩士,1,0,01 新北市,1 一般
1002,輔仁大學,310505,臨床心理學系,上海,B 學士,0,1,01 新北市,1 一般
1002,輔仁大學,320101,大眾傳播學研究所,江蘇,M 碩士,0,1,01 新北市,1 一般
1002,輔仁大學,320101,大眾傳播學研究所,浙江,M 碩士,0,1,01 新北市,1 一般
1002,輔仁大學,320101,大眾傳播學研究所,湖北,M 碩士,0,2,01 新北市,1 一般
1002,輔仁大學,320202,新聞傳播學系,福建,B 學士,0,1,01 新北市,1 一般
1002,輔仁大學,320202,新聞傳播學系,廣東,B 學士,0,1,01 新北市,1 一般
1002,輔仁大學,320302,影像傳播學系,浙江,B 學士,0,1,01 新北市,1 一般
1002,輔仁大學,320302,影像傳播學系,廣東,B 學士,0,1,01 新北市,1 一般
1002,輔仁大學,320501,博物館學研究所,上海,M 碩士,0,1,01 新北市,1 一般
1002,輔仁大學,320801,廣告傳播學系,北京,B 學士,0,1,01 新北市,1 一般
1002,輔仁大學,340201,會計學系,北京,M 碩士,0,2,01 新北市,1 一般
1002,輔仁大學,340201,會計學系,廣東,B 學士,1,0,01 新北市,1 一般
1002,輔仁大學,340201,會計學系,遼寧,M 碩士,0,1,01 新北市,1 一般
1002,輔仁大學,340301,企業管理學系管理學碩士班,福建,M 碩士,1,1,01 新北市,1 一般
1002,輔仁大學,340301,企業管理學系,福建,B 學士,0,1,01 新北市,1 一般
1002,輔仁大學,340301,企業管理學系管理學碩士班,廣東,M 碩士,1,1,01 新北市,1 一般
1002,輔仁大學,340522,金融與國際企業學系,上海,B 學士,0,2,01 新北市,1 一般
1002,輔仁大學,340522,金融與國際企業學系,北京,B 學士,0,1,01 新北市,1 一般
1002,輔仁大學,340522,金融與國際企業學系金融碩士班,江蘇,M 碩士,0,1,01 新北市,1 一般
1002,輔仁大學,340522,金融與國際企業學系金融碩士班,浙江,M 碩士,1,0,01 新北市,1 一般
1002,輔仁大學,340522,金融與國際企業學系,浙江,B 學士,0,1,01 新北市,1 一般
1002,輔仁大學,340522,金融與國際企業學系金融碩士班,福建,M 碩士,0,1,01 新北市,1 一般
1002,輔仁大學,340522,金融與國際企業學系,福建,B 學士,1,1,01 新北市,1 一般
1002,輔仁大學,340522,金融與國際企業學系,廣東,B 學士,0,1,01 新北市,1 一般
1002,輔仁大學,380101,法律學系,江蘇,M 碩士,0,1,01 新北市,1 一般
1002,輔仁大學,380101,法律學系,遼寧,M 碩士,0,1,01 新北市,1 一般
1002,輔仁大學,420103,生命科學系,上海,B 學士,0,1,01 新北市,1 一般
1002,輔仁大學,520114,資訊工程學系,上海,B 學士,1,0,01 新北市,1 一般
1002,輔仁大學,580201,景觀設計學系,江蘇,M 碩士,0,1,01 新北市,1 一般
1002,輔仁大學,720201,公共衛生學系,浙江,M 碩士,0,1,01 新北市,1 一般
1002,輔仁大學,720507,營養科學系,北京,B 學士,0,1,01 新北市,1 一般
1002,輔仁大學,720507,營養科學系,江蘇,B 學士,0,1,01 新北市,1 一般
1002,輔仁大學,760301,社會工作學系,北京,B 學士,0,1,01 新北市,1 一般
1002,輔仁大學,760301,社會工作學系,江蘇,M 碩士,0,1,01 新北市,1 一般
1002,輔仁大學,760403,兒童與家庭學系,北京,M 碩士,0,1,01 新北市,1 一般
1002,輔仁大學,760403,兒童與家庭學系,北京,B 學士,0,1,01 新北市,1 一般
1002,輔仁大學,810702,織品服裝學系織品服飾行銷組,北京,B 學士,0,1,01 新北市,1 一般
1003,東吳大學,340301,企業管理學系,上海,M 碩士,1,0,30 臺北市,1 一般
1003,東吳大學,380101,法律學系,上海,M 碩士,1,0,30 臺北市,1 一般
1003,東吳大學,480109,資訊管理學系,福建,M 碩士,1,0,30 臺北市,1 一般
1004,中原大學,140601,特殊教育學系,福建,B 學士,0,1,03 桃園市,1 一般
1004,中原大學,220304,應用外國語文學系,廣東,B 學士,0,2,03 桃園市,1 一般
1004,中原大學,230302,商業設計學系,廣東,B 學士,0,1,03 桃園市,1 一般
1004,中原大學,230401,室內設計學系,浙江,M 碩士,0,1,03 桃園市,1 一般
1004,中原大學,310501,心理學系,廣東,B 學士,0,1,03 桃園市,1 一般
1004,中原大學,340201,會計學系,浙江,B 學士,2,2,03 桃園市,1 一般
1004,中原大學,340301,企業管理學系,北京,B 學士,0,1,03 桃園市,1 一般
1004,中原大學,340301,企業管理學系,浙江,B 學士,1,1,03 桃園市,1 一般
1004,中原大學,340301,企業管理學系,福建,M 碩士,0,1,03 桃園市,1 一般
1004,中原大學,340301,企業管理學系,福建,B 學士,0,1,03 桃園市,1 一般
1004,中原大學,340301,企業管理學系,廣東,B 學士,0,2,03 桃園市,1 一般
1004,中原大學,340408,國際經營與貿易學系,江蘇,B 學士,0,1,03 桃園市,1 一般
1004,中原大學,340408,國際經營與貿易學系,廣東,B 學士,0,1,03 桃園市,1 一般
1004,中原大學,340501,財務金融學系,上海,B 學士,1,2,03 桃園市,1 一般
1004,中原大學,340501,財務金融學系,北京,B 學士,1,0,03 桃園市,1 一般
1004,中原大學,340501,財務金融學系,浙江,B 學士,3,0,03 桃園市,1 一般
1004,中原大學,340501,財務金融學系,福建,B 學士,2,0,03 桃園市,1 一般
1004,中原大學,340501,財務金融學系,廣東,B 學士,0,1,03 桃園市,1 一般
1004,中原大學,420302,生物科技學系,上海,B 學士,1,0,03 桃園市,1 一般
1004,中原大學,440101,化學系材料化學組,福建,B 學士,0,1,03 桃園市,1 一般
1004,中原大學,440301,物理學系光電與材料科學組,福建,B 學士,0,1,03 桃園市,1 一般
1004,中原大學,460102,應用數學系,廣東,B 學士,1,0,03 桃園市,1 一般
1004,中原大學,480109,資訊管理學系,浙江,B 學士,1,0,03 桃園市,1 一般
1004,中原大學,520101,電機工程學系,北京,B 學士,1,0,03 桃園市,1 一般
1004,中原大學,520101,電機工程學系,廣東,B 學士,2,0,03 桃園市,1 一般
1004,中原大學,520103,電子工程學系,浙江,B 學士,1,0,03 桃園市,1 一般
1004,中原大學,520114,資訊工程學系,北京,B 學士,1,0,03 桃園市,1 一般
1004,中原大學,520114,資訊工程學系,浙江,B 學士,1,0,03 桃園市,1 一般
1004,中原大學,520114,資訊工程學系,廣東,B 學士,1,0,03 桃園市,1 一般
1004,中原大學,520201,機械工程學系,浙江,B 學士,1,0,03 桃園市,1 一般
1004,中原大學,520201,機械工程學系,福建,B 學士,3,0,03 桃園市,1 一般
1004,中原大學,520201,機械工程學系,廣東,B 學士,1,1,03 桃園市,1 一般
1004,中原大學,520301,土木工程學系,浙江,B 學士,5,0,03 桃園市,1 一般
1004,中原大學,520301,土木工程學系,廣東,B 學士,2,0,03 桃園市,1 一般
1004,中原大學,520901,環境工程學系,浙江,B 學士,0,1,03 桃園市,1 一般
1004,中原大學,520901,環境工程學系,廣東,B 學士,0,1,03 桃園市,1 一般
1004,中原大學,580101,建築學系,福建,B 學士,2,0,03 桃園市,1 一般
1004,中原大學,580101,建築學系,廣東,B 學士,0,1,03 桃園市,1 一般
1004,中原大學,580203,景觀學系,福建,M 碩士,1,0,03 桃園市,1 一般
1005,淡江大學,220320,日本語文學系,上海,B 學士,1,0,01 新北市,1 一般
1005,淡江大學,220320,日本語文學系,江蘇,B 學士,0,1,01 新北市,1 一般
1005,淡江大學,220320,日本語文學系,浙江,B 學士,1,0,01 新北市,1 一般
1005,淡江大學,310101,經濟學系,浙江,B 學士,0,1,01 新北市,1 一般
1005,淡江大學,310101,經濟學系,福建,B 學士,1,0,01 新北市,1 一般
1005,淡江大學,310104,產業經濟學系,浙江,B 學士,1,0,01 新北市,1 一般
1005,淡江大學,320101,大眾傳播學系,北京,M 碩士,1,0,01 新北市,1 一般
1005,淡江大學,320601,資訊與圖書館學系,福建,B 學士,0,1,01 新北市,1 一般
1005,淡江大學,340501,財務金融學系,福建,B 學士,0,1,01 新北市,1 一般
1005,淡江大學,340501,財務金融學系,廣東,B 學士,1,0,01 新北市,1 一般
1005,淡江大學,520114,資訊工程學系,江蘇,B 學士,1,0,01 新北市,1 一般
1005,淡江大學,520114,資訊工程學系,廣東,M 碩士,1,0,01 新北市,1 一般
1005,淡江大學,580101,建築學系,江蘇,M 碩士,0,1,01 新北市,1 一般
1005,淡江大學,580101,建築學系,浙江,M 碩士,1,0,01 新北市,1 一般
1006,中國文化大學,210101,美術學系,北京,B 學士,1,0,30 臺北市,1 一般
1006,中國文化大學,210101,美術學系,浙江,B 學士,1,1,30 臺北市,1 一般
1006,中國文化大學,210101,美術學系,廣東,B 學士,0,1,30 臺北市,1 一般
1006,中國文化大學,210401,音樂學系,福建,B 學士,0,1,30 臺北市,1 一般
1006,中國文化大學,210401,音樂學系,廣東,B 學士,1,1,30 臺北市,1 一般
1006,中國文化大學,210501,戲劇學系,北京,B 學士,1,0,30 臺北市,1 一般
1006,中國文化大學,220201,中國文學系文藝創作組,北京,B 學士,0,1,30 臺北市,1 一般
1006,中國文化大學,220201,中國文學系中國文學組,北京,B 學士,1,0,30 臺北市,1 一般
1006,中國文化大學,220201,中國文學系,浙江,M 碩士,1,0,30 臺北市,1 一般
1006,中國文化大學,220201,中國文學系中國文學組,浙江,B 學士,0,2,30 臺北市,1 一般
1006,中國文化大學,220201,中國文學系文藝創作組,福建,B 學士,0,1,30 臺北市,1 一般
1006,中國文化大學,220201,中國文學系中國文學組,廣東,B 學士,2,1,30 臺北市,1 一般
1006,中國文化大學,220307,英國語文學系,廣東,B 學士,0,1,30 臺北市,1 一般
1006,中國文化大學,220324,韓國語文學系,浙江,B 學士,0,1,30 臺北市,1 一般
1006,中國文化大學,220901,史學系,上海,B 學士,0,1,30 臺北市,1 一般
1006,中國文化大學,220901,史學系,廣東,B 學士,1,0,30 臺北市,1 一般
1006,中國文化大學,221101,哲學系,浙江,B 學士,1,0,30 臺北市,1 一般
1006,中國文化大學,310101,經濟學系,浙江,B 學士,1,0,30 臺北市,1 一般
1006,中國文化大學,310504,心理輔導學系,江蘇,M 碩士,0,1,30 臺北市,1 一般
1006,中國文化大學,310504,心理輔導學系,浙江,B 學士,1,0,30 臺北市,1 一般
1006,中國文化大學,310504,心理輔導學系,福建,B 學士,0,1,30 臺北市,1 一般
1006,中國文化大學,310504,心理輔導學系,廣東,B 學士,1,0,30 臺北市,1 一般
1006,中國文化大學,311003,勞工關係學系人力資源組,廣東,B 學士,1,0,30 臺北市,1 一般
1006,中國文化大學,320101,大眾傳播學系,浙江,B 學士,0,2,30 臺北市,1 一般
1006,中國文化大學,320201,新聞學系,北京,B 學士,0,1,30 臺北市,1 一般
1006,中國文化大學,320201,新聞學系,江蘇,B 學士,1,0,30 臺北市,1 一般
1006,中國文化大學,320201,新聞學系,福建,B 學士,0,1,30 臺北市,1 一般
1006,中國文化大學,320201,新聞學系,廣東,B 學士,1,1,30 臺北市,1 一般
1006,中國文化大學,320802,廣告學系,北京,B 學士,1,0,30 臺北市,1 一般
1006,中國文化大學,320802,廣告學系,福建,B 學士,0,1,30 臺北市,1 一般
1006,中國文化大學,340201,會計學系,浙江,M 碩士,0,1,30 臺北市,1 一般
1006,中國文化大學,340307,國際企業管理學系,浙江,B 學士,1,2,30 臺北市,1 一般
1006,中國文化大學,340307,國際企業管理學系,廣東,B 學士,0,2,30 臺北市,1 一般
1006,中國文化大學,340401,國際貿易學系,江蘇,B 學士,0,1,30 臺北市,1 一般
1006,中國文化大學,340401,國際貿易學系,廣東,B 學士,0,2,30 臺北市,1 一般
1006,中國文化大學,340501,財務金融學系財務金融組,浙江,B 學士,0,2,30 臺北市,1 一般
1006,中國文化大學,340501,財務金融學系財務金融組,福建,B 學士,0,1,30 臺北市,1 一般
1006,中國文化大學,380101,法律學系財經法律組,福建,B 學士,1,0,30 臺北市,1 一般
1006,中國文化大學,380101,法律學系財經法律組,廣東,B 學士,2,0,30 臺北市,1 一般
1006,中國文化大學,460102,應用數學系,北京,B 學士,1,0,30 臺北市,1 一般
1006,中國文化大學,520201,機械工程學系,廣東,B 學士,1,0,30 臺北市,1 一般
1006,中國文化大學,580108,建築及都市設計學系,江蘇,B 學士,0,1,30 臺北市,1 一般
1006,中國文化大學,580203,景觀學系,浙江,B 學士,2,0,30 臺北市,1 一般
1006,中國文化大學,580203,景觀學系,福建,B 學士,1,0,30 臺北市,1 一般
1006,中國文化大學,620203,動物科學系,上海,B 學士,0,1,30 臺北市,1 一般
1006,中國文化大學,810202,觀光事業學系,福建,B 學士,1,2,30 臺北市,1 一般
1006,中國文化大學,810202,觀光事業學系,廣東,B 學士,0,1,30 臺北市,1 一般
1007,逢甲大學,220301,外國語文學系,浙江,B 學士,1,0,19 臺中市,1 一般
1007,逢甲大學,310101,經濟學系,福建,B 學士,0,1,19 臺中市,1 一般
1007,逢甲大學,340201,會計學系,浙江,B 學士,2,0,19 臺中市,1 一般
1007,逢甲大學,340201,會計學系,福建,B 學士,1,2,19 臺中市,1 一般
1007,逢甲大學,340201,會計學系,廣東,B 學士,1,0,19 臺中市,1 一般
1007,逢甲大學,340301,企業管理學系,浙江,B 學士,1,1,19 臺中市,1 一般
1007,逢甲大學,340301,企業管理學系,福建,B 學士,1,0,19 臺中市,1 一般
1007,逢甲大學,340307,國際企業管理學士學位學程(英語專班),福建,B 學士,1,0,19 臺中市,1 一般
1007,逢甲大學,340307,國際企業管理學士學位學程(英語專班),廣東,B 學士,0,1,19 臺中市,1 一般
1007,逢甲大學,340408,國際經營與貿易學系,上海,B 學士,2,0,19 臺中市,1 一般
1007,逢甲大學,340408,國際經營與貿易學系,北京,B 學士,0,1,19 臺中市,1 一般
1007,逢甲大學,340408,國際經營與貿易學系,浙江,B 學士,1,0,19 臺中市,1 一般
1007,逢甲大學,340408,國際經營與貿易學系,廣東,B 學士,1,1,19 臺中市,1 一般
1007,逢甲大學,340501,財務金融學系,浙江,B 學士,4,4,19 臺中市,1 一般
1007,逢甲大學,340501,財務金融學系,福建,B 學士,2,2,19 臺中市,1 一般
1007,逢甲大學,340501,財務金融學系,廣東,B 學士,3,0,19 臺中市,1 一般
1007,逢甲大學,340601,風險管理與保險學系,上海,B 學士,0,1,19 臺中市,1 一般
1007,逢甲大學,340601,風險管理與保險學系,福建,B 學士,1,1,19 臺中市,1 一般
1007,逢甲大學,460201,統計學系,浙江,B 學士,1,0,19 臺中市,1 一般
1007,逢甲大學,520101,電機工程學系,福建,B 學士,1,0,19 臺中市,1 一般
1007,逢甲大學,520103,電子工程學系,廣東,B 學士,1,0,19 臺中市,1 一般
1007,逢甲大學,520105,光電學系,福建,B 學士,0,1,19 臺中市,1 一般
1007,逢甲大學,520114,資訊工程學系,浙江,B 學士,2,0,19 臺中市,1 一般
1007,逢甲大學,520114,資訊工程學系,福建,B 學士,1,0,19 臺中市,1 一般
1007,逢甲大學,520126,通訊工程學系,江蘇,B 學士,1,0,19 臺中市,1 一般
1007,逢甲大學,520126,通訊工程學系,廣東,B 學士,1,0,19 臺中市,1 一般
1007,逢甲大學,520154,自動控制工程學系,福建,B 學士,1,0,19 臺中市,1 一般
1007,逢甲大學,520220,機械與電腦輔助工程學系,北京,B 學士,1,0,19 臺中市,1 一般
1007,逢甲大學,520220,機械與電腦輔助工程學系,浙江,B 學士,1,0,19 臺中市,1 一般
1007,逢甲大學,520301,土木工程學系,浙江,B 學士,1,0,19 臺中市,1 一般
1007,逢甲大學,520301,土木工程學系,福建,B 學士,1,0,19 臺中市,1 一般
1007,逢甲大學,520301,土木工程學系,廣東,B 學士,1,0,19 臺中市,1 一般
1007,逢甲大學,520903,環境工程與科學學系,江蘇,B 學士,0,1,19 臺中市,1 一般
1007,逢甲大學,520903,環境工程與科學學系,浙江,B 學士,0,1,19 臺中市,1 一般
1007,逢甲大學,520903,環境工程與科學學系,廣東,B 學士,0,1,19 臺中市,1 一般
1007,逢甲大學,521004,水利工程與資源保育學系,浙江,B 學士,1,0,19 臺中市,1 一般
1007,逢甲大學,521004,水利工程與資源保育學系,廣東,B 學士,1,0,19 臺中市,1 一般
1007,逢甲大學,580101,建築學系,浙江,B 學士,1,0,19 臺中市,1 一般
1007,逢甲大學,580308,都市計畫與空間資訊學系都市計畫組,上海,B 學士,1,0,19 臺中市,1 一般
1007,逢甲大學,580308,都市計畫與空間資訊學系空間資訊組,福建,B 學士,1,0,19 臺中市,1 一般
1008,靜宜大學,220201,中國文學系,浙江,B 學士,1,0,06 臺中市,1 一般
1008,靜宜大學,220201,中國文學系,廣東,B 學士,1,0,06 臺中市,1 一般
1008,靜宜大學,220307,英國語文學系,廣東,B 學士,0,1,06 臺中市,1 一般
1008,靜宜大學,220318,西班牙語文學系,廣東,B 學士,1,0,06 臺中市,1 一般
1008,靜宜大學,220320,日本語文學系,上海,B 學士,0,1,06 臺中市,1 一般
1008,靜宜大學,320101,大眾傳播學系,浙江,B 學士,0,2,06 臺中市,1 一般
1008,靜宜大學,340201,會計學系,上海,B 學士,0,1,06 臺中市,1 一般
1008,靜宜大學,340201,會計學系,北京,B 學士,0,1,06 臺中市,1 一般
1008,靜宜大學,340201,會計學系,福建,B 學士,0,1,06 臺中市,1 一般
1008,靜宜大學,340301,企業管理學系,廣東,B 學士,0,1,06 臺中市,1 一般
1008,靜宜大學,340307,國際企業學系,浙江,B 學士,0,1,06 臺中市,1 一般
1008,靜宜大學,340501,財務金融學系,江蘇,B 學士,1,0,06 臺中市,1 一般
1008,靜宜大學,340501,財務金融學系,浙江,B 學士,3,3,06 臺中市,1 一般
1008,靜宜大學,340501,財務金融學系,福建,M 碩士,0,1,06 臺中市,1 一般
1008,靜宜大學,340501,財務金融學系,福建,B 學士,1,1,06 臺中市,1 一般
1008,靜宜大學,440102,應用化學系,浙江,B 學士,1,0,06 臺中市,1 一般
1008,靜宜大學,520114,資訊工程學系,上海,B 學士,1,0,06 臺中市,1 一般
1008,靜宜大學,720501,食品營養學系營養與保健組,浙江,B 學士,0,1,06 臺中市,1 一般
1008,靜宜大學,720501,食品營養學系食品與生物技術組,福建,B 學士,0,1,06 臺中市,1 一般
1008,靜宜大學,720501,食品營養學系營養與保健組,廣東,B 學士,0,2,06 臺中市,1 一般
1008,靜宜大學,810202,觀光事業學系,福建,B 學士,0,1,06 臺中市,1 一般
1008,靜宜大學,810202,觀光事業學系,廣東,B 學士,0,1,06 臺中市,1 一般
1008,靜宜大學,810803,化粧品科學系,上海,B 學士,1,0,06 臺中市,1 一般
1010,元智大學,520201,機械工程學系,江蘇,B 學士,1,0,03 桃園市,1 一般
1010,元智大學,520404,化學工程與材料科學學系,廣東,M 碩士,0,1,03 桃園市,1 一般
1011,中華大學,340504,財務管理學系,浙江,B 學士,1,0,18 新竹市,1 一般
1011,中華大學,520301,土木工程學系,浙江,B 學士,1,1,18 新竹市,1 一般
1012,大葉大學,340301,企業管理學系,福建,M 碩士,1,0,07 彰化縣,1 一般
1014,義守大學,230309,創意商品設計學系,浙江,B 學士,0,1,12 高雄市,1 一般
1014,義守大學,320101,大眾傳播學系,浙江,B 學士,0,1,12 高雄市,1 一般
1014,義守大學,320101,大眾傳播學系,廣東,B 學士,0,1,12 高雄市,1 一般
1014,義守大學,340201,會計學系,浙江,B 學士,1,1,12 高雄市,1 一般
1014,義守大學,340201,會計學系,福建,B 學士,0,1,12 高雄市,1 一般
1014,義守大學,340301,企業管理學系,浙江,B 學士,0,1,12 高雄市,1 一般
1014,義守大學,340301,企業管理學系,福建,B 學士,1,0,12 高雄市,1 一般
1014,義守大學,340309,國際企業經營學系,浙江,B 學士,4,0,12 高雄市,1 一般
1014,義守大學,340403,國際商務學系,廣東,B 學士,0,1,12 高雄市,1 一般
1014,義守大學,340501,財務金融學系,浙江,B 學士,1,1,12 高雄市,1 一般
1014,義守大學,340501,財務金融學系,福建,B 學士,1,1,12 高雄市,1 一般
1014,義守大學,520101,電機工程學系,浙江,B 學士,2,0,12 高雄市,1 一般
1014,義守大學,520101,電機工程學系,福建,B 學士,2,0,12 高雄市,1 一般
1014,義守大學,520101,電機工程學系,廣東,B 學士,1,0,12 高雄市,1 一般
1014,義守大學,720712,醫學影像暨放射科學系,浙江,B 學士,1,0,12 高雄市,1 一般
1014,義守大學,810102,餐旅管理學系,福建,B 學士,0,1,12 高雄市,1 一般
1014,義守大學,810224,國際觀光餐旅學系,江蘇,B 學士,1,0,12 高雄市,1 一般
1014,義守大學,810508,休閒事業管理學系,廣東,B 學士,1,0,12 高雄市,1 一般
1015,世新大學,230203,數位多媒體設計學系動畫設計組,福建,B 學士,0,1,30 臺北市,1 一般
1015,世新大學,230203,數位多媒體設計學系遊戲設計組,廣東,B 學士,1,0,30 臺北市,1 一般
1015,世新大學,320105,資訊傳播學系,福建,M 碩士,1,0,30 臺北市,1 一般
1015,世新大學,320108,口語傳播學系,上海,B 學士,0,1,30 臺北市,1 一般
1015,世新大學,320108,口語傳播學系,浙江,B 學士,0,1,30 臺北市,1 一般
1015,世新大學,320108,口語傳播學系,福建,B 學士,0,3,30 臺北市,1 一般
1015,世新大學,320201,新聞學系,浙江,B 學士,1,3,30 臺北市,1 一般
1015,世新大學,320201,新聞學系,福建,B 學士,0,1,30 臺北市,1 一般
1015,世新大學,320201,新聞學系,廣東,B 學士,1,3,30 臺北市,1 一般
1015,世新大學,320301,廣播電視電影學系電視組,上海,B 學士,0,1,30 臺北市,1 一般
1015,世新大學,320301,廣播電視電影學系媒體應用組,江蘇,M 碩士,0,1,30 臺北市,1 一般
1015,世新大學,320301,廣播電視電影學系電影組,浙江,B 學士,1,0,30 臺北市,1 一般
1015,世新大學,320301,廣播電視電影學系廣播組,浙江,B 學士,1,0,30 臺北市,1 一般
1015,世新大學,320301,廣播電視電影學系電影組,福建,B 學士,0,1,30 臺北市,1 一般
1015,世新大學,320301,廣播電視電影學系媒體應用組,廣東,M 碩士,0,1,30 臺北市,1 一般
1015,世新大學,320401,公共關係暨廣告學系,上海,B 學士,1,0,30 臺北市,1 一般
1015,世新大學,320401,公共關係暨廣告學系,北京,B 學士,0,2,30 臺北市,1 一般
1015,世新大學,320401,公共關係暨廣告學系,浙江,B 學士,0,1,30 臺北市,1 一般
1015,世新大學,320401,公共關係暨廣告學系,湖北,M 碩士,0,1,30 臺北市,1 一般
1015,世新大學,320401,公共關係暨廣告學系,福建,B 學士,0,2,30 臺北市,1 一般
1015,世新大學,320703,圖文傳播暨數位出版學系,福建,B 學士,1,0,30 臺北市,1 一般
1015,世新大學,340501,財務金融學系,福建,B 學士,0,1,30 臺北市,1 一般
1015,世新大學,340501,財務金融學系,廣東,B 學士,0,1,30 臺北市,1 一般
1015,世新大學,349925,傳播管理學系,上海,B 學士,0,1,30 臺北市,1 一般
1015,世新大學,349925,傳播管理學系,江蘇,M 碩士,0,1,30 臺北市,1 一般
1015,世新大學,349925,傳播管理學系,浙江,B 學士,2,0,30 臺北市,1 一般
1015,世新大學,349925,傳播管理學系,福建,B 學士,1,0,30 臺北市,1 一般
1016,銘傳大學,220202,應用中國文學系,福建,B 學士,0,1,30 臺北市,1 一般
1016,銘傳大學,220321,應用日語學系,上海,B 學士,1,0,30 臺北市,1 一般
1016,銘傳大學,220321,應用日語學系,浙江,B 學士,0,1,30 臺北市,1 一般
1016,銘傳大學,230203,數位媒體設計學系,福建,B 學士,1,0,30 臺北市,1 一般
1016,銘傳大學,230302,商業設計學系,廣東,B 學士,0,1,30 臺北市,1 一般
1016,銘傳大學,230307,商品設計學系,浙江,B 學士,0,1,30 臺北市,1 一般
1016,銘傳大學,310517,諮商與工商心理學系,浙江,B 學士,0,1,30 臺北市,1 一般
1016,銘傳大學,320105,資訊傳播工程學系,浙江,B 學士,1,0,30 臺北市,1 一般
1016,銘傳大學,320201,新聞學系,江蘇,B 學士,0,1,30 臺北市,1 一般
1016,銘傳大學,320201,新聞學系,浙江,B 學士,0,1,30 臺北市,1 一般
1016,銘傳大學,320201,新聞學系,福建,B 學士,1,0,30 臺北市,1 一般
1016,銘傳大學,320301,廣播電視學系,福建,B 學士,0,1,30 臺北市,1 一般
1016,銘傳大學,320301,廣播電視學系,廣東,B 學士,1,0,30 臺北市,1 一般
1016,銘傳大學,320706,新媒體暨傳播管理學系,北京,M 碩士,1,0,30 臺北市,1 一般
1016,銘傳大學,320706,新媒體暨傳播管理學系,福建,M 碩士,1,0,30 臺北市,1 一般
1016,銘傳大學,320805,廣告暨策略行銷學系,北京,B 學士,0,2,30 臺北市,1 一般
1016,銘傳大學,320805,廣告暨策略行銷學系,浙江,B 學士,2,1,30 臺北市,1 一般
1016,銘傳大學,320805,廣告暨策略行銷學系,福建,B 學士,2,1,30 臺北市,1 一般
1016,銘傳大學,320805,廣告暨策略行銷學系,廣東,B 學士,0,2,30 臺北市,1 一般
1016,銘傳大學,340201,會計學系,北京,B 學士,1,0,30 臺北市,1 一般
1016,銘傳大學,340201,會計學系,浙江,B 學士,0,1,30 臺北市,1 一般
1016,銘傳大學,340201,會計學系,福建,B 學士,0,2,30 臺北市,1 一般
1016,銘傳大學,340301,企業管理學系,浙江,B 學士,2,0,30 臺北市,1 一般
1016,銘傳大學,340301,企業管理學系,福建,B 學士,2,1,30 臺北市,1 一般
1016,銘傳大學,340301,企業管理學系,廣東,B 學士,0,1,30 臺北市,1 一般
1016,銘傳大學,340307,國際企業學系,福建,B 學士,2,1,30 臺北市,1 一般
1016,銘傳大學,340501,財務金融學系,上海,B 學士,2,0,30 臺北市,1 一般
1016,銘傳大學,340501,財務金融學系,江蘇,B 學士,0,1,30 臺北市,1 一般
1016,銘傳大學,340501,財務金融學系,浙江,B 學士,3,2,30 臺北市,1 一般
1016,銘傳大學,340501,財務金融學系,福建,B 學士,1,3,30 臺北市,1 一般
1016,銘傳大學,340501,財務金融學系,廣東,B 學士,1,0,30 臺北市,1 一般
1016,銘傳大學,340533,經濟與金融學系,福建,B 學士,1,0,30 臺北市,1 一般
1016,銘傳大學,340601,風險管理與保險學系,福建,B 學士,2,0,30 臺北市,1 一般
1016,銘傳大學,340601,風險管理與保險學系,廣東,B 學士,0,1,30 臺北市,1 一般
1016,銘傳大學,340902,醫療資訊與管理學系,廣東,B 學士,1,0,30 臺北市,1 一般
1016,銘傳大學,349942,社會與安全管理學系,廣東,B 學士,1,0,30 臺北市,1 一般
1016,銘傳大學,420302,生物科技學系,浙江,B 學士,0,1,30 臺北市,1 一般
1016,銘傳大學,420302,生物科技學系,廣東,B 學士,1,0,30 臺北市,1 一般
1016,銘傳大學,480109,資訊管理學系,浙江,B 學士,1,0,30 臺北市,1 一般
1016,銘傳大學,520103,電子工程學系,浙江,B 學士,1,0,30 臺北市,1 一般
1016,銘傳大學,520114,資訊工程學系,福建,B 學士,2,0,30 臺北市,1 一般
1016,銘傳大學,580101,建築學系,浙江,B 學士,0,1,30 臺北市,1 一般
1016,銘傳大學,580101,建築學系,廣東,B 學士,1,0,30 臺北市,1 一般
1016,銘傳大學,810202,觀光事業學系,福建,B 學士,1,0,30 臺北市,1 一般
1016,銘傳大學,810210,休閒遊憩管理學系,福建,B 學士,1,0,30 臺北市,1 一般
1017,實踐大學,230205,媒體傳達設計學系數位3D動畫設計組,江蘇,B 學士,0,1,30 臺北市,1 一般
1017,實踐大學,230205,媒體傳達設計學系創新媒體設計組,廣東,B 學士,1,0,30 臺北市,1 一般
1017,實踐大學,760404,家庭研究與兒童發展學系,福建,B 學士,0,1,30 臺北市,1 一般
1017,實踐大學,810701,服裝設計學系,上海,B 學士,1,1,30 臺北市,1 一般
1017,實踐大學,810701,服裝設計學系,浙江,B 學士,1,0,30 臺北市,1 一般
1017,實踐大學,810701,服裝設計學系,廣東,M 碩士,0,1,30 臺北市,1 一般
1017,實踐大學,810701,服裝設計學系,廣東,B 學士,0,1,30 臺北市,1 一般
1018,朝陽科技大學,230201,視覺傳達設計系,廣東,B 學士,0,1,06 臺中市,2 技職
1018,朝陽科技大學,230303,工業設計系,浙江,B 學士,1,0,06 臺中市,2 技職
1018,朝陽科技大學,230303,工業設計系,福建,B 學士,1,0,06 臺中市,2 技職
1018,朝陽科技大學,320104,傳播藝術系,浙江,B 學士,0,1,06 臺中市,2 技職
1018,朝陽科技大學,340201,會計系,浙江,B 學士,0,1,06 臺中市,2 技職
1018,朝陽科技大學,340201,會計系,福建,B 學士,1,0,06 臺中市,2 技職
1018,朝陽科技大學,340301,企業管理系,福建,B 學士,0,1,06 臺中市,2 技職
1018,朝陽科技大學,340501,財務金融系,浙江,B 學士,1,0,06 臺中市,2 技職
1018,朝陽科技大學,340501,財務金融系,福建,B 學士,0,1,06 臺中市,2 技職
1018,朝陽科技大學,340605,保險金融管理系,浙江,B 學士,2,0,06 臺中市,2 技職
1018,朝陽科技大學,340802,行銷與流通管理系,浙江,B 學士,1,0,06 臺中市,2 技職
1018,朝陽科技大學,520114,資訊工程系,廣東,B 學士,1,0,06 臺中市,2 技職
1018,朝陽科技大學,520311,營建工程系,廣東,C 二技,1,0,06 臺中市,2 技職
1018,朝陽科技大學,520906,環境工程與管理系,福建,B 學士,1,0,06 臺中市,2 技職
1018,朝陽科技大學,580101,建築系建築組,福建,B 學士,1,0,06 臺中市,2 技職
1018,朝陽科技大學,580101,建築系,廣東,B 學士,1,0,06 臺中市,2 技職
1018,朝陽科技大學,580207,景觀及都市設計系,福建,B 學士,1,0,06 臺中市,2 技職
1018,朝陽科技大學,580207,景觀及都市設計系,廣東,B 學士,0,1,06 臺中市,2 技職
1020,南華大學,140401,幼兒教育學系,浙江,B 學士,1,0,10 嘉義縣,1 一般
1022,大同大學,230203,媒體設計學系互動媒體設計組,浙江,B 學士,0,1,30 臺北市,1 一般
1022,大同大學,230303,工業設計學系,福建,B 學士,0,1,30 臺北市,1 一般
1022,大同大學,230303,工業設計學系,廣東,B 學士,2,0,30 臺北市,1 一般
1022,大同大學,340305,事業經營學系,廣東,B 學士,0,1,30 臺北市,1 一般
1024,崑山科技大學,320107,視訊傳播設計系,廣東,B 學士,0,1,11 臺南市,2 技職
1024,崑山科技大學,320401,公共關係暨廣告系,江蘇,B 學士,1,0,11 臺南市,2 技職
1024,崑山科技大學,340501,財務金融系,福建,B 學士,0,1,11 臺南市,2 技職
1024,崑山科技大學,349967,房地產開發與管理系,北京,B 學士,1,0,11 臺南市,2 技職
1024,崑山科技大學,520103,電子工程系,福建,B 學士,1,0,11 臺南市,2 技職
1024,崑山科技大學,520201,機械工程系機械與能源工程博士班,廣東,D 博士,1,0,11 臺南市,2 技職
1025,嘉南藥理大學,220303,應用外語系,江蘇,B 學士,0,1,11 臺南市,2 技職
1025,嘉南藥理大學,720306,醫藥化學系,浙江,B 學士,1,0,11 臺南市,2 技職
1025,嘉南藥理大學,720306,醫藥化學系,廣東,B 學士,0,1,11 臺南市,2 技職
1025,嘉南藥理大學,760401,嬰幼兒保育系,福建,B 學士,0,1,11 臺南市,2 技職
1026,樹德科技大學,230103,流行設計系,江蘇,B 學士,0,1,12 高雄市,2 技職
1026,樹德科技大學,230103,流行設計系,福建,B 學士,1,1,12 高雄市,2 技職
1026,樹德科技大學,230124,動畫與遊戲設計系,浙江,B 學士,1,0,12 高雄市,2 技職
1026,樹德科技大學,230201,視覺傳達設計系,江蘇,B 學士,1,0,12 高雄市,2 技職
1026,樹德科技大學,230201,視覺傳達設計系,福建,B 學士,2,0,12 高雄市,2 技職
1026,樹德科技大學,230201,視覺傳達設計系,廣東,B 學士,1,0,12 高雄市,2 技職
1026,樹德科技大學,230201,視覺傳達設計系,廣東,C 二技,0,1,12 高雄市,2 技職
1026,樹德科技大學,230304,生活產品設計系,福建,B 學士,2,1,12 高雄市,2 技職
1026,樹德科技大學,230304,生活產品設計系,廣東,B 學士,0,1,12 高雄市,2 技職
1026,樹德科技大學,230401,室內設計系,江蘇,B 學士,0,1,12 高雄市,2 技職
1026,樹德科技大學,230401,室內設計系,福建,B 學士,1,0,12 高雄市,2 技職
1026,樹德科技大學,340301,企業管理系,廣東,C 二技,1,0,12 高雄市,2 技職
1027,慈濟大學,420318,分子生物暨人類遺傳學系,浙江,B 學士,1,0,15 花蓮縣,1 一般
1028,臺北醫學大學,340901,醫務管理學系,浙江,B 學士,0,1,30 臺北市,1 一般
1028,臺北醫學大學,340901,醫務管理學系,廣東,B 學士,0,1,30 臺北市,1 一般
1028,臺北醫學大學,720708,醫學檢驗暨生物技術學系,浙江,B 學士,0,1,30 臺北市,1 一般
1028,臺北醫學大學,720708,醫學檢驗暨生物技術學系,福建,B 學士,0,1,30 臺北市,1 一般
1028,臺北醫學大學,720803,牙體技術學系,福建,B 學士,1,0,30 臺北市,1 一般
1028,臺北醫學大學,720803,牙體技術學系,廣東,B 學士,0,1,30 臺北市,1 一般
1028,臺北醫學大學,760219,高齡健康管理學系,浙江,B 學士,1,0,30 臺北市,1 一般
1029,中山醫學大學,310501,心理學系,浙江,B 學士,0,1,19 臺中市,1 一般
1029,中山醫學大學,310501,心理學系,福建,B 學士,0,1,19 臺中市,1 一般
1029,中山醫學大學,720401,物理治療學系,浙江,B 學士,0,1,19 臺中市,1 一般
1030,龍華科技大學,220303,應用外語系,浙江,B 學士,1,0,03 桃園市,2 技職
1030,龍華科技大學,230137,文化創意與數位媒體設計系,浙江,B 學士,1,0,03 桃園市,2 技職
1030,龍華科技大學,230137,文化創意與數位媒體設計系,廣東,C 二技,1,0,03 桃園市,2 技職
1030,龍華科技大學,340301,企業管理系,福建,B 學士,1,0,03 桃園市,2 技職
1030,龍華科技大學,340301,企業管理系,廣東,M 碩士,1,1,03 桃園市,2 技職
1030,龍華科技大學,340307,國際企業系,福建,C 二技,1,0,03 桃園市,2 技職
1030,龍華科技大學,340307,國際企業系,廣東,C 二技,1,0,03 桃園市,2 技職
1030,龍華科技大學,340501,財務金融系,浙江,B 學士,0,1,03 桃園市,2 技職
1030,龍華科技大學,340501,財務金融系,福建,B 學士,1,0,03 桃園市,2 技職
1030,龍華科技大學,340501,財務金融系,廣東,C 二技,1,2,03 桃園市,2 技職
1030,龍華科技大學,480301,多媒體與遊戲發展科學系,浙江,B 學士,2,0,03 桃園市,2 技職
1030,龍華科技大學,480301,多媒體與遊戲發展科學系,福建,B 學士,1,0,03 桃園市,2 技職
1030,龍華科技大學,520403,化工與材料工程系,浙江,B 學士,1,0,03 桃園市,2 技職
1034,弘光科技大學,340904,健康事業管理系,福建,B 學士,1,0,06 臺中市,2 技職
1035,中國醫藥大學,720315,藥用化妝品學系,上海,B 學士,0,1,19 臺中市,1 一般
1035,中國醫藥大學,720507,營養學系,廣東,B 學士,0,1,19 臺中市,1 一般
1035,中國醫藥大學,720712,生物醫學影像暨放射科學學系,浙江,B 學士,0,1,19 臺中市,1 一般
1035,中國醫藥大學,720712,生物醫學影像暨放射科學學系,福建,B 學士,2,1,19 臺中市,1 一般
1037,正修科技大學,230404,建築與室內設計系建築設計組,浙江,B 學士,1,0,12 高雄市,2 技職
1037,正修科技大學,230404,建築與室內設計系室內設計組,福建,B 學士,1,0,12 高雄市,2 技職
1037,正修科技大學,230404,建築與室內設計系建築設計組,廣東,C 二技,1,0,12 高雄市,2 技職
1037,正修科技大學,340307,國際企業系國際行銷組,浙江,B 學士,1,0,12 高雄市,2 技職
1037,正修科技大學,340501,財務金融系公司理財組,北京,B 學士,1,0,12 高雄市,2 技職
1038,萬能科技大學,230302,商業設計系數位媒體設計組,浙江,B 學士,1,0,03 桃園市,2 技職
1038,萬能科技大學,340301,企業管理系,江蘇,B 學士,1,0,03 桃園市,2 技職
1040,建國科技大學,230302,商業設計系,福建,B 學士,1,0,07 彰化縣,2 技職
1045,嶺東科技大學,230103,流行設計系,福建,B 學士,0,1,19 臺中市,2 技職
1045,嶺東科技大學,230201,視覺傳達設計系,浙江,B 學士,1,0,19 臺中市,2 技職
1045,嶺東科技大學,230201,視覺傳達設計系,福建,B 學士,1,0,19 臺中市,2 技職
1045,嶺東科技大學,230203,數位媒體設計系,浙江,B 學士,0,1,19 臺中市,2 技職
1045,嶺東科技大學,340501,財務金融系,浙江,B 學士,0,1,19 臺中市,2 技職
1045,嶺東科技大學,340501,財務金融系,福建,M 碩士,1,0,19 臺中市,2 技職
1045,嶺東科技大學,340501,財務金融系,廣東,M 碩士,2,0,19 臺中市,2 技職
1045,嶺東科技大學,340501,財務金融系,廣東,C 二技,1,3,19 臺中市,2 技職
1046,中國科技大學,230401,室內設計系,北京,B 學士,0,1,30 臺北市,2 技職
1046,中國科技大學,230401,室內設計系,浙江,B 學士,0,2,30 臺北市,2 技職
1046,中國科技大學,230401,室內設計系,廣東,C 二技,0,1,30 臺北市,2 技職
1046,中國科技大學,340301,企業管理系,福建,C 二技,1,0,30 臺北市,2 技職
1046,中國科技大學,340802,行銷與流通管理系,福建,B 學士,1,0,30 臺北市,2 技職
1046,中國科技大學,520130,電腦與通訊系,浙江,B 學士,1,0,30 臺北市,2 技職
1048,亞洲大學,230104,時尚設計學系,浙江,B 學士,0,2,06 臺中市,1 一般
1048,亞洲大學,310501,心理學系,福建,B 學士,1,0,06 臺中市,1 一般
1048,亞洲大學,340303,經營管理學系企業經濟與策略博士班,北京,D 博士,1,0,06 臺中市,1 一般
1048,亞洲大學,340303,經營管理學系企業經濟與策略博士班,浙江,D 博士,0,1,06 臺中市,1 一般
1054,景文科技大學,340301,企業管理系,江蘇,B 學士,1,0,01 新北市,2 技職
1054,景文科技大學,340401,國際貿易系,廣東,C 二技,0,1,01 新北市,2 技職
1054,景文科技大學,340501,財務金融系,福建,B 學士,1,0,01 新北市,2 技職
1056,東南科技大學,340301,企業管理系,江蘇,B 學士,1,0,01 新北市,2 技職
1056,東南科技大學,340301,企業管理系,廣東,B 學士,1,0,01 新北市,2 技職
1057,德明財經科技大學,340605,保險金融管理系,浙江,B 學士,1,0,30 臺北市,2 技職
1058,明道大學,220207,國學研究所,福建,D 博士,1,0,07 彰化縣,1 一般
1075,文藻外語大學,220314,法國語文系,浙江,B 學士,0,1,50 高雄市,2 技職
1075,文藻外語大學,220320,日本語文系,浙江,B 學士,1,0,50 高雄市,2 技職
1075,文藻外語大學,310901,國際事務系,廣東,B 學士,0,1,50 高雄市,2 技職
1197,台北海洋技術學院,840121,海空物流與行銷系,廣東,B 學士,0,1,01 新北市,2 技職
