學校代碼,學校名稱,科系代碼,科系名稱,學生來源所在地,等級別,男生,女生,縣市名稱,體系別
0001,國立政治大學,220201,中國文學系,江蘇,M 碩士,1,0,30 臺北市,1 一般
0001,國立政治大學,220801,宗教研究所,北京,M 碩士,0,1,30 臺北市,1 一般
0001,國立政治大學,221101,哲學系,廣東,M 碩士,0,1,30 臺北市,1 一般
0001,國立政治大學,310101,經濟學系,浙江,M 碩士,1,0,30 臺北市,1 一般
0001,國立政治大學,310811,地政學系,福建,M 碩士,1,0,30 臺北市,1 一般
0001,國立政治大學,311002,國家發展研究所,福建,M 碩士,1,0,30 臺北市,1 一般
0001,國立政治大學,311003,勞工研究所,江蘇,M 碩士,0,1,30 臺北市,1 一般
0001,國立政治大學,320201,新聞學系,浙江,M 碩士,0,1,30 臺北市,1 一般
0001,國立政治大學,320201,新聞學系,廣東,M 碩士,0,1,30 臺北市,1 一般
0001,國立政治大學,320603,圖書資訊與檔案學研究所,江蘇,M 碩士,1,0,30 臺北市,1 一般
0001,國立政治大學,340201,會計學系,浙江,M 碩士,1,0,30 臺北市,1 一般
0001,國立政治大學,340408,國際經營與貿易學系,浙江,M 碩士,0,1,30 臺北市,1 一般
0001,國立政治大學,340505,金融學系,北京,M 碩士,2,0,30 臺北市,1 一般
0001,國立政治大學,340505,金融學系,廣東,M 碩士,0,1,30 臺北市,1 一般
0001,國立政治大學,340701,財政學系,福建,M 碩士,1,0,30 臺北市,1 一般
0001,國立政治大學,380101,法律學系,北京,M 碩士,1,0,30 臺北市,1 一般
0001,國立政治大學,380101,法律學系,浙江,M 碩士,2,0,30 臺北市,1 一般
0001,國立政治大學,380101,法律學系,湖北,M 碩士,1,0,30 臺北市,1 一般
0001,國立政治大學,380204,法律科際整合研究所,北京,M 碩士,1,0,30 臺北市,1 一般
0001,國立政治大學,480109,資訊管理學系,廣東,M 碩士,0,1,30 臺北市,1 一般
0002,國立清華大學,220901,歷史研究所,北京,M 碩士,1,0,18 新竹市,1 一般
0002,國立清華大學,340501,計量財務金融學系,上海,M 碩士,0,1,18 新竹市,1 一般
0002,國立清華大學,340501,計量財務金融學系,江蘇,M 碩士,0,1,18 新竹市,1 一般
0002,國立清華大學,340501,計量財務金融學系,浙江,M 碩士,0,1,18 新竹市,1 一般
0002,國立清華大學,340501,計量財務金融學系,福建,M 碩士,1,1,18 新竹市,1 一般
0002,國立清華大學,349901,科技管理研究所,江蘇,M 碩士,0,1,18 新竹市,1 一般
0002,國立清華大學,349951,服務科學研究所,北京,M 碩士,0,1,18 新竹市,1 一般
0002,國立清華大學,380203,科技法律研究所,北京,M 碩士,0,1,18 新竹市,1 一般
0002,國立清華大學,380203,科技法律研究所,浙江,M 碩士,0,1,18 新竹市,1 一般
0002,國立清華大學,480401,資訊系統與應用研究所,福建,M 碩士,1,0,18 新竹市,1 一般
0002,國立清華大學,520101,電機工程學系,浙江,M 碩士,0,1,18 新竹市,1 一般
0002,國立清華大學,520101,電機工程學系,湖北,M 碩士,0,1,18 新竹市,1 一般
0002,國立清華大學,520114,資訊工程學系,江蘇,M 碩士,1,0,18 新竹市,1 一般
0002,國立清華大學,520401,化學工程學系,浙江,M 碩士,1,0,18 新竹市,1 一般
0002,國立清華大學,520401,化學工程學系,廣東,M 碩士,0,2,18 新竹市,1 一般
0002,國立清華大學,520518,奈米工程與微系統研究所,浙江,M 碩士,1,0,18 新竹市,1 一般
0002,國立清華大學,520601,工業工程與工程管理學系工業工程組,江蘇,M 碩士,1,0,18 新竹市,1 一般
0002,國立清華大學,521108,生物醫學工程研究所,湖北,M 碩士,1,0,18 新竹市,1 一般
0003,國立臺灣大學,210501,戲劇學系,廣東,M 碩士,0,1,30 臺北市,1 一般
0003,國立臺灣大學,220101,臺灣文學研究所,江蘇,M 碩士,1,0,30 臺北市,1 一般
0003,國立臺灣大學,220201,中國文學系,江蘇,M 碩士,0,1,30 臺北市,1 一般
0003,國立臺灣大學,221101,哲學系,廣東,M 碩士,0,1,30 臺北市,1 一般
0003,國立臺灣大學,310101,經濟學系,江蘇,M 碩士,0,1,30 臺北市,1 一般
0003,國立臺灣大學,310501,心理學系一般心理學組,北京,M 碩士,0,1,30 臺北市,1 一般
0003,國立臺灣大學,310501,心理學系一般心理學組,江蘇,M 碩士,0,1,30 臺北市,1 一般
0003,國立臺灣大學,311002,國家發展研究所,江蘇,M 碩士,0,1,30 臺北市,1 一般
0003,國立臺灣大學,311002,國家發展研究所,福建,M 碩士,1,0,30 臺北市,1 一般
0003,國立臺灣大學,311002,國家發展研究所,廣東,M 碩士,1,0,30 臺北市,1 一般
0003,國立臺灣大學,320201,新聞研究所,上海,M 碩士,0,1,30 臺北市,1 一般
0003,國立臺灣大學,320201,新聞研究所,廣東,M 碩士,0,1,30 臺北市,1 一般
0003,國立臺灣大學,320602,圖書資訊學系,浙江,M 碩士,0,1,30 臺北市,1 一般
0003,國立臺灣大學,340201,會計學系,上海,M 碩士,1,0,30 臺北市,1 一般
0003,國立臺灣大學,340201,會計學系,江蘇,M 碩士,1,0,30 臺北市,1 一般
0003,國立臺灣大學,340307,國際企業學系,上海,M 碩士,0,1,30 臺北市,1 一般
0003,國立臺灣大學,340307,國際企業學系,北京,M 碩士,1,2,30 臺北市,1 一般
0003,國立臺灣大學,340307,國際企業學系,浙江,M 碩士,0,1,30 臺北市,1 一般
0003,國立臺灣大學,340307,國際企業學系,廣東,M 碩士,0,1,30 臺北市,1 一般
0003,國立臺灣大學,340501,財務金融學系,江蘇,M 碩士,0,1,30 臺北市,1 一般
0003,國立臺灣大學,340501,財務金融學系,福建,M 碩士,0,1,30 臺北市,1 一般
0003,國立臺灣大學,340501,財務金融學系,廣東,M 碩士,1,0,30 臺北市,1 一般
0003,國立臺灣大學,349939,管理學院企業管理碩士專班,江蘇,M 碩士,0,1,30 臺北市,1 一般
0003,國立臺灣大學,380101,法律學系,北京,M 碩士,0,1,30 臺北市,1 一般
0003,國立臺灣大學,380101,法律學系,浙江,M 碩士,1,2,30 臺北市,1 一般
0003,國立臺灣大學,420106,植物科學研究所,浙江,M 碩士,1,0,30 臺北市,1 一般
0003,國立臺灣大學,420313,分子與細胞生物學研究所,福建,M 碩士,2,0,30 臺北市,1 一般
0003,國立臺灣大學,440203,地質科學系地質組,上海,M 碩士,1,0,30 臺北市,1 一般
0003,國立臺灣大學,440301,物理學系,福建,M 碩士,0,1,30 臺北市,1 一般
0003,國立臺灣大學,480202,資訊網路與多媒體研究所,上海,M 碩士,1,0,30 臺北市,1 一般
0003,國立臺灣大學,480202,資訊網路與多媒體研究所,江蘇,M 碩士,2,0,30 臺北市,1 一般
0003,國立臺灣大學,480202,資訊網路與多媒體研究所,浙江,M 碩士,1,0,30 臺北市,1 一般
0003,國立臺灣大學,520103,電子工程學研究所,北京,M 碩士,0,1,30 臺北市,1 一般
0003,國立臺灣大學,520103,電子工程學研究所,廣東,M 碩士,1,0,30 臺北市,1 一般
0003,國立臺灣大學,520106,光電工程學研究所,福建,M 碩士,0,1,30 臺北市,1 一般
0003,國立臺灣大學,520114,資訊工程學系,江蘇,M 碩士,1,0,30 臺北市,1 一般
0003,國立臺灣大學,520114,資訊工程學系,浙江,M 碩士,1,0,30 臺北市,1 一般
0003,國立臺灣大學,520114,資訊工程學系,福建,M 碩士,1,1,30 臺北市,1 一般
0003,國立臺灣大學,520123,電信工程學研究所,上海,M 碩士,1,0,30 臺北市,1 一般
0003,國立臺灣大學,520201,機械工程學系固體力學組,江蘇,M 碩士,1,0,30 臺北市,1 一般
0003,國立臺灣大學,520201,機械工程學系設計組,浙江,M 碩士,1,0,30 臺北市,1 一般
0003,國立臺灣大學,520201,機械工程學系系統控制組,廣東,M 碩士,0,1,30 臺北市,1 一般
0003,國立臺灣大學,520301,土木工程學系大地工程組,上海,M 碩士,0,1,30 臺北市,1 一般
0003,國立臺灣大學,520301,土木工程學系營建工程與管理組,江蘇,M 碩士,0,1,30 臺北市,1 一般
0003,國立臺灣大學,520301,土木工程學系交通工程組,福建,M 碩士,1,0,30 臺北市,1 一般
0003,國立臺灣大學,520301,土木工程學系結構工程組,福建,M 碩士,1,1,30 臺北市,1 一般
0003,國立臺灣大學,520401,化學工程學系,上海,M 碩士,0,1,30 臺北市,1 一般
0003,國立臺灣大學,520401,化學工程學系,浙江,M 碩士,1,0,30 臺北市,1 一般
0003,國立臺灣大學,520502,材料科學與工程學系,北京,M 碩士,1,0,30 臺北市,1 一般
0003,國立臺灣大學,520502,材料科學與工程學系,浙江,M 碩士,1,0,30 臺北市,1 一般
0003,國立臺灣大學,520601,工業工程學研究所,上海,M 碩士,1,0,30 臺北市,1 一般
0003,國立臺灣大學,520601,工業工程學研究所,江蘇,M 碩士,0,1,30 臺北市,1 一般
0003,國立臺灣大學,520601,工業工程學研究所,浙江,M 碩士,1,0,30 臺北市,1 一般
0003,國立臺灣大學,520901,環境工程學研究所環境科學與工程組,北京,M 碩士,1,0,30 臺北市,1 一般
0003,國立臺灣大學,520901,環境工程學研究所環境規劃與管理組,湖北,M 碩士,0,1,30 臺北市,1 一般
0003,國立臺灣大學,520901,環境工程學研究所,福建,D 博士,0,1,30 臺北市,1 一般
0003,國立臺灣大學,520901,環境工程學研究所環境規劃與管理組,福建,M 碩士,0,1,30 臺北市,1 一般
0003,國立臺灣大學,640101,獸醫學系,浙江,M 碩士,1,0,30 臺北市,1 一般
0003,國立臺灣大學,720301,藥學系,浙江,M 碩士,1,0,30 臺北市,1 一般
0004,國立臺灣師範大學,310727,歐洲文化與觀光研究所,上海,M 碩士,0,1,30 臺北市,3 師範
0004,國立臺灣師範大學,320602,圖書資訊學研究所,江蘇,M 碩士,0,1,30 臺北市,3 師範
0005,國立成功大學,230303,工業設計學系,江蘇,M 碩士,2,0,21 臺南市,1 一般
0005,國立成功大學,230303,工業設計學系,浙江,M 碩士,1,0,21 臺南市,1 一般
0005,國立成功大學,310101,經濟學系,北京,M 碩士,1,0,21 臺南市,1 一般
0005,國立成功大學,310101,經濟學系,福建,M 碩士,0,1,21 臺南市,1 一般
0005,國立成功大學,310109,政治經濟研究所,北京,M 碩士,1,0,21 臺南市,1 一般
0005,國立成功大學,310109,政治經濟研究所,江蘇,M 碩士,0,1,21 臺南市,1 一般
0005,國立成功大學,310109,政治經濟研究所,湖北,M 碩士,0,1,21 臺南市,1 一般
0005,國立成功大學,340201,會計學系,浙江,M 碩士,0,1,21 臺南市,1 一般
0005,國立成功大學,340301,企業管理學系,福建,M 碩士,1,0,21 臺南市,1 一般
0005,國立成功大學,340501,財務金融研究所,上海,M 碩士,1,0,21 臺南市,1 一般
0005,國立成功大學,340501,財務金融研究所,江蘇,M 碩士,0,1,21 臺南市,1 一般
0005,國立成功大學,340501,財務金融研究所,福建,M 碩士,2,0,21 臺南市,1 一般
0005,國立成功大學,340501,財務金融研究所,廣東,M 碩士,1,0,21 臺南市,1 一般
0005,國立成功大學,380101,法律學系,江蘇,M 碩士,0,1,21 臺南市,1 一般
0005,國立成功大學,380101,法律學系,福建,M 碩士,0,1,21 臺南市,1 一般
0005,國立成功大學,460201,統計學系,湖北,M 碩士,1,0,21 臺南市,1 一般
0005,國立成功大學,520101,電機工程學系,福建,M 碩士,0,1,21 臺南市,1 一般
0005,國立成功大學,520114,資訊工程學系,福建,M 碩士,1,0,21 臺南市,1 一般
0005,國立成功大學,520168,電腦與通信工程研究所,江蘇,M 碩士,1,0,21 臺南市,1 一般
0005,國立成功大學,520168,電腦與通信工程研究所,廣東,M 碩士,1,0,21 臺南市,1 一般
0005,國立成功大學,520201,機械工程學系,江蘇,M 碩士,1,0,21 臺南市,1 一般
0005,國立成功大學,520301,土木工程學系,江蘇,M 碩士,2,0,21 臺南市,1 一般
0005,國立成功大學,520401,化學工程學系,北京,M 碩士,1,0,21 臺南市,1 一般
0005,國立成功大學,520502,材料科學及工程學系,北京,M 碩士,1,0,21 臺南市,1 一般
0005,國立成功大學,580101,建築學系,遼寧,M 碩士,1,0,21 臺南市,1 一般
0007,國立交通大學,140101,教育研究所,北京,M 碩士,0,1,18 新竹市,1 一般
0007,國立交通大學,140101,教育研究所,浙江,M 碩士,0,1,18 新竹市,1 一般
0007,國立交通大學,140101,教育研究所,福建,M 碩士,0,1,18 新竹市,1 一般
0007,國立交通大學,140101,教育研究所,廣東,M 碩士,1,0,18 新竹市,1 一般
0007,國立交通大學,340530,資訊管理與財務金融學系財務金融碩士班,江蘇,M 碩士,0,1,18 新竹市,1 一般
0007,國立交通大學,340530,資訊管理與財務金融學系財務金融碩士班,福建,M 碩士,0,1,18 新竹市,1 一般
0007,國立交通大學,340530,資訊管理與財務金融學系財務金融碩士班,廣東,M 碩士,1,0,18 新竹市,1 一般
0007,國立交通大學,520119,資訊科學與工程研究所,江蘇,M 碩士,1,0,18 新竹市,1 一般
0007,國立交通大學,520119,資訊科學與工程研究所,浙江,M 碩士,0,1,18 新竹市,1 一般
0007,國立交通大學,520119,資訊科學與工程研究所,廣東,M 碩士,1,0,18 新竹市,1 一般
0007,國立交通大學,520123,電信工程研究所,江蘇,M 碩士,1,0,18 新竹市,1 一般
0007,國立交通大學,520170,電控工程研究所,北京,M 碩士,1,0,18 新竹市,1 一般
0007,國立交通大學,520170,電控工程研究所,江蘇,M 碩士,1,0,18 新竹市,1 一般
0007,國立交通大學,520170,電控工程研究所,浙江,M 碩士,1,0,18 新竹市,1 一般
0007,國立交通大學,520201,機械工程學系,遼寧,M 碩士,0,1,18 新竹市,1 一般
0007,國立交通大學,520301,土木工程學系,浙江,M 碩士,1,0,18 新竹市,1 一般
0007,國立交通大學,520601,工業工程與管理學系,浙江,M 碩士,1,0,18 新竹市,1 一般
0007,國立交通大學,520901,環境工程研究所,北京,M 碩士,1,0,18 新竹市,1 一般
0007,國立交通大學,520901,環境工程研究所,江蘇,M 碩士,1,0,18 新竹市,1 一般
0007,國立交通大學,520901,環境工程研究所,浙江,M 碩士,1,0,18 新竹市,1 一般
0007,國立交通大學,520901,環境工程研究所,福建,M 碩士,1,0,18 新竹市,1 一般
0008,國立中央大學,210701,藝術學研究所,江蘇,M 碩士,0,1,03 桃園市,1 一般
0008,國立中央大學,220201,中國文學系,遼寧,M 碩士,0,1,03 桃園市,1 一般
0008,國立中央大學,310101,經濟學系,廣東,M 碩士,0,1,03 桃園市,1 一般
0008,國立中央大學,340201,會計研究所,江蘇,M 碩士,0,1,03 桃園市,1 一般
0008,國立中央大學,340301,企業管理學系,浙江,M 碩士,1,0,03 桃園市,1 一般
0008,國立中央大學,340501,財務金融學系,湖北,M 碩士,1,0,03 桃園市,1 一般
0008,國立中央大學,340501,財務金融學系,廣東,M 碩士,1,0,03 桃園市,1 一般
0008,國立中央大學,349919,人力資源管理研究所,湖北,M 碩士,0,1,03 桃園市,1 一般
0008,國立中央大學,420604,生醫科學與工程學系系統生物與生物資訊碩士班,浙江,M 碩士,1,0,03 桃園市,1 一般
0008,國立中央大學,440401,大氣科學學系大氣物理碩士班,北京,M 碩士,0,1,03 桃園市,1 一般
0008,國立中央大學,520101,電機工程學系,浙江,M 碩士,1,0,03 桃園市,1 一般
0008,國立中央大學,520201,機械工程學系,廣東,M 碩士,1,0,03 桃園市,1 一般
0008,國立中央大學,520301,土木工程學系,廣東,M 碩士,1,0,03 桃園市,1 一般
0008,國立中央大學,520403,化學工程與材料工程學系,湖北,M 碩士,1,0,03 桃園市,1 一般
0008,國立中央大學,521108,生醫科學與工程學系生物醫學工程碩士班,江蘇,M 碩士,1,0,03 桃園市,1 一般
0008,國立中央大學,521309,能源工程研究所,江蘇,M 碩士,1,0,03 桃園市,1 一般
0008,國立中央大學,521309,能源工程研究所,福建,M 碩士,0,1,03 桃園市,1 一般
0009,國立中山大學,310101,經濟學研究所,廣東,M 碩士,1,0,50 高雄市,1 一般
0009,國立中山大學,340504,財務管理學系,江蘇,M 碩士,0,1,50 高雄市,1 一般
0009,國立中山大學,340504,財務管理學系,福建,M 碩士,0,1,50 高雄市,1 一般
0009,國立中山大學,349925,行銷傳播管理研究所,廣東,M 碩士,0,1,50 高雄市,1 一般
0009,國立中山大學,440508,海洋科學系,福建,M 碩士,1,0,50 高雄市,1 一般
0012,國立臺灣海洋大學,380202,海洋法律研究所,北京,M 碩士,2,0,17 基隆市,1 一般
0012,國立臺灣海洋大學,380202,海洋法律研究所,福建,M 碩士,1,0,17 基隆市,1 一般
0013,國立中正大學,220201,中國文學系,福建,M 碩士,0,1,10 嘉義縣,1 一般
0013,國立中正大學,310501,心理學系,北京,M 碩士,1,0,10 嘉義縣,1 一般
0013,國立中正大學,320102,傳播學系電訊傳播碩士班,浙江,M 碩士,1,0,10 嘉義縣,1 一般
0013,國立中正大學,380101,法律學系,北京,M 碩士,1,0,10 嘉義縣,1 一般
0013,國立中正大學,380101,法律學系,福建,M 碩士,1,0,10 嘉義縣,1 一般
0017,國立臺北大學,340301,企業管理學系,福建,M 碩士,0,1,01 新北市,1 一般
0020,國立東華大學,340501,財務金融學系,福建,M 碩士,0,1,15 花蓮縣,1 一般
0022,國立臺灣科技大學,340301,企業管理系,廣東,C 二技,2,4,30 臺北市,2 技職
0022,國立臺灣科技大學,520201,機械工程系,浙江,M 碩士,1,0,30 臺北市,2 技職
0022,國立臺灣科技大學,520311,營建工程系,廣東,C 二技,3,0,30 臺北市,2 技職
0022,國立臺灣科技大學,520502,材料科學與工程系,浙江,M 碩士,1,0,30 臺北市,2 技職
0022,國立臺灣科技大學,580101,建築系,江蘇,M 碩士,1,0,30 臺北市,2 技職
0022,國立臺灣科技大學,580101,建築系,福建,M 碩士,1,0,30 臺北市,2 技職
0023,國立雲林科技大學,230106,設計學研究所,福建,D 博士,1,0,09 雲林縣,2 技職
0023,國立雲林科技大學,230108,創意生活設計系,江蘇,M 碩士,0,1,09 雲林縣,2 技職
0023,國立雲林科技大學,230108,創意生活設計系,浙江,M 碩士,0,1,09 雲林縣,2 技職
0023,國立雲林科技大學,340301,企業管理系,福建,C 二技,1,1,09 雲林縣,2 技職
0023,國立雲林科技大學,340301,企業管理系,廣東,C 二技,5,3,09 雲林縣,2 技職
0023,國立雲林科技大學,520163,電子與光電工程研究所微電子與光電工程組,浙江,M 碩士,1,0,09 雲林縣,2 技職
0023,國立雲林科技大學,520905,環境與安全衛生工程系,廣東,C 二技,2,0,09 雲林縣,2 技職
0025,國立臺北科技大學,230112,工業設計系創新設計碩士班,北京,M 碩士,1,0,30 臺北市,2 技職
0025,國立臺北科技大學,230112,工業設計系創新設計碩士班,浙江,M 碩士,1,0,30 臺北市,2 技職
0025,國立臺北科技大學,230112,工業設計系創新設計碩士班,福建,M 碩士,0,1,30 臺北市,2 技職
0025,國立臺北科技大學,230122,互動設計系,廣東,M 碩士,1,0,30 臺北市,2 技職
0025,國立臺北科技大學,520101,電機工程系,廣東,C 二技,2,0,30 臺北市,2 技職
0025,國立臺北科技大學,520103,電子工程系,廣東,C 二技,1,0,30 臺北市,2 技職
0025,國立臺北科技大學,520301,土木工程系,廣東,C 二技,1,0,30 臺北市,2 技職
0026,國立高雄第一科技大學,480109,資訊管理系,廣東,C 二技,2,0,12 高雄市,2 技職
0027,國立高雄應用科技大學,340201,會計系,福建,C 二技,0,1,50 高雄市,2 技職
0027,國立高雄應用科技大學,340201,會計系,廣東,C 二技,1,2,50 高雄市,2 技職
0028,國立臺北藝術大學,210903,新媒體藝術學系,福建,M 碩士,0,1,30 臺北市,1 一般
0029,國立臺灣藝術大學,210501,戲劇學系,北京,M 碩士,0,1,01 新北市,1 一般
0029,國立臺灣藝術大學,210902,多媒體動畫藝術學系動畫藝術碩士班,江蘇,M 碩士,0,1,01 新北市,1 一般
0031,國立宜蘭大學,520103,電子工程學系,北京,M 碩士,1,0,02 宜蘭縣,1 一般
0036,國立臺南大學,140101,教育學系課程與教學碩士班,北京,M 碩士,0,1,21 臺南市,1 一般
0036,國立臺南大學,520238,機電系統工程研究所,湖北,M 碩士,1,0,21 臺南市,1 一般
0043,國立勤益科技大學,520103,電子工程系,廣東,C 二技,1,0,06 臺中市,2 技職
0047,國立高雄餐旅大學,810102,餐旅管理研究所,江蘇,M 碩士,1,0,50 高雄市,2 技職
0047,國立高雄餐旅大學,810103,餐飲管理系,福建,C 二技,1,0,50 高雄市,2 技職
0048,國立金門大學,310718,閩南文化研究所,福建,M 碩士,0,1,71 金門縣,1 一般
0048,國立金門大學,340301,企業管理學系,福建,B 學士,1,0,71 金門縣,1 一般
0048,國立金門大學,580101,建築學系,浙江,B 學士,1,0,71 金門縣,1 一般
0048,國立金門大學,580101,建築學系,福建,B 學士,0,1,71 金門縣,1 一般
0050,國立臺中科技大學,220312,應用英語系,廣東,C 二技,0,1,19 臺中市,2 技職
0052,國立屏東大學,310303,社會發展學系,北京,M 碩士,1,0,13 屏東縣,1 一般
1001,東海大學,210101,美術學系,江蘇,B 學士,0,2,19 臺中市,1 一般
1001,東海大學,210101,美術學系,福建,B 學士,1,0,19 臺中市,1 一般
1001,東海大學,220201,中國文學系,浙江,B 學士,0,2,19 臺中市,1 一般
1001,東海大學,220301,外國語文學系,上海,B 學士,0,1,19 臺中市,1 一般
1001,東海大學,220301,外國語文學系,浙江,B 學士,0,1,19 臺中市,1 一般
1001,東海大學,310301,社會學系,浙江,M 碩士,1,0,19 臺中市,1 一般
1001,東海大學,310804,行政管理暨政策學系,廣東,B 學士,2,0,19 臺中市,1 一般
1001,東海大學,340301,企業管理學系,北京,B 學士,1,0,19 臺中市,1 一般
1001,東海大學,340301,企業管理學系,浙江,M 碩士,0,1,19 臺中市,1 一般
1001,東海大學,340301,企業管理學系,廣東,B 學士,2,1,19 臺中市,1 一般
1001,東海大學,340501,財務金融學系,江蘇,B 學士,1,0,19 臺中市,1 一般
1001,東海大學,340501,財務金融學系,福建,B 學士,0,1,19 臺中市,1 一般
1001,東海大學,340501,財務金融學系,廣東,B 學士,0,1,19 臺中市,1 一般
1001,東海大學,380101,法律學系,浙江,B 學士,1,0,19 臺中市,1 一般
1001,東海大學,380101,法律學系,廣東,B 學士,0,1,19 臺中市,1 一般
1001,東海大學,420103,生命科學系生物醫學組,福建,B 學士,1,0,19 臺中市,1 一般
1001,東海大學,520101,電機工程學系,浙江,B 學士,1,0,19 臺中市,1 一般
1001,東海大學,520101,電機工程學系,福建,B 學士,1,0,19 臺中市,1 一般
1001,東海大學,520602,工業工程與經營資訊學系,福建,B 學士,1,0,19 臺中市,1 一般
1001,東海大學,580203,景觀學系,上海,B 學士,0,1,19 臺中市,1 一般
1001,東海大學,580203,景觀學系,北京,M 碩士,0,1,19 臺中市,1 一般
1001,東海大學,580203,景觀學系,浙江,B 學士,1,0,19 臺中市,1 一般
1001,東海大學,580203,景觀學系,福建,B 學士,0,1,19 臺中市,1 一般
1001,東海大學,580203,景觀學系,廣東,B 學士,0,2,19 臺中市,1 一般
1001,東海大學,620202,畜產與生物科技學系,福建,B 學士,0,1,19 臺中市,1 一般
1002,輔仁大學,210101,應用美術學系,上海,B 學士,0,1,01 新北市,1 一般
1002,輔仁大學,210101,應用美術學系,廣東,B 學士,0,1,01 新北市,1 一般
1002,輔仁大學,220201,中國文學系,廣東,M 碩士,1,0,01 新北市,1 一般
1002,輔仁大學,220307,英國語文學系,北京,B 學士,0,3,01 新北市,1 一般
1002,輔仁大學,220307,英國語文學系,福建,B 學士,1,0,01 新北市,1 一般
1002,輔仁大學,220307,英國語文學系,廣東,B 學士,0,1,01 新北市,1 一般
1002,輔仁大學,220314,法國語文學系,北京,B 學士,0,1,01 新北市,1 一般
1002,輔仁大學,220314,法國語文學系,浙江,B 學士,0,1,01 新北市,1 一般
1002,輔仁大學,220314,法國語文學系,福建,B 學士,0,1,01 新北市,1 一般
1002,輔仁大學,220314,法國語文學系,遼寧,M 碩士,0,1,01 新北市,1 一般
1002,輔仁大學,220316,德語語文學系,浙江,B 學士,0,1,01 新北市,1 一般
1002,輔仁大學,220801,宗教學系,北京,M 碩士,1,0,01 新北市,1 一般
1002,輔仁大學,220901,歷史學系,北京,B 學士,0,1,01 新北市,1 一般
1002,輔仁大學,220901,歷史學系,浙江,B 學士,0,1,01 新北市,1 一般
1002,輔仁大學,221101,哲學系,浙江,B 學士,1,0,01 新北市,1 一般
1002,輔仁大學,310101,經濟學系,北京,M 碩士,0,1,01 新北市,1 一般
1002,輔仁大學,310501,心理學系,上海,B 學士,0,1,01 新北市,1 一般
1002,輔仁大學,310501,心理學系,江蘇,B 學士,1,0,01 新北市,1 一般
1002,輔仁大學,310501,心理學系,浙江,M 碩士,1,1,01 新北市,1 一般
1002,輔仁大學,310501,心理學系,福建,M 碩士,2,0,01 新北市,1 一般
1002,輔仁大學,320101,大眾傳播學研究所,浙江,M 碩士,0,1,01 新北市,1 一般
1002,輔仁大學,320202,新聞傳播學系,上海,B 學士,1,0,01 新北市,1 一般
1002,輔仁大學,320202,新聞傳播學系,北京,B 學士,0,1,01 新北市,1 一般
1002,輔仁大學,320202,新聞傳播學系,浙江,B 學士,1,0,01 新北市,1 一般
1002,輔仁大學,320302,影像傳播學系,上海,B 學士,0,1,01 新北市,1 一般
1002,輔仁大學,320302,影像傳播學系,福建,B 學士,0,1,01 新北市,1 一般
1002,輔仁大學,320801,廣告傳播學系,上海,B 學士,1,1,01 新北市,1 一般
1002,輔仁大學,320801,廣告傳播學系,江蘇,B 學士,0,1,01 新北市,1 一般
1002,輔仁大學,320801,廣告傳播學系,福建,B 學士,1,0,01 新北市,1 一般
1002,輔仁大學,320801,廣告傳播學系,廣東,B 學士,0,2,01 新北市,1 一般
1002,輔仁大學,340201,會計學系,浙江,M 碩士,0,1,01 新北市,1 一般
1002,輔仁大學,340522,金融與國際企業學系金融碩士班,北京,M 碩士,1,1,01 新北市,1 一般
1002,輔仁大學,380101,法律學系,北京,M 碩士,0,1,01 新北市,1 一般
1002,輔仁大學,380101,法律學系,福建,M 碩士,0,1,01 新北市,1 一般
1002,輔仁大學,380201,財經法律學系,北京,B 學士,1,1,01 新北市,1 一般
1002,輔仁大學,380201,財經法律學系,福建,B 學士,0,1,01 新北市,1 一般
1002,輔仁大學,420103,生命科學系,北京,B 學士,0,1,01 新北市,1 一般
1002,輔仁大學,440101,化學系,北京,B 學士,1,0,01 新北市,1 一般
1002,輔仁大學,440301,物理學系物理組,北京,B 學士,0,1,01 新北市,1 一般
1002,輔仁大學,460101,數學系應用數學組,北京,B 學士,1,0,01 新北市,1 一般
1002,輔仁大學,460101,數學系純數學組,浙江,B 學士,0,1,01 新北市,1 一般
1002,輔仁大學,520101,電機工程學系,福建,M 碩士,1,0,01 新北市,1 一般
1002,輔仁大學,520114,資訊工程學系,北京,B 學士,1,0,01 新北市,1 一般
1002,輔仁大學,520114,資訊工程學系,江蘇,B 學士,1,0,01 新北市,1 一般
1002,輔仁大學,580201,景觀設計學系,浙江,M 碩士,0,1,01 新北市,1 一般
1002,輔仁大學,620601,食品科學系,上海,B 學士,0,1,01 新北市,1 一般
1002,輔仁大學,620601,食品科學系,北京,B 學士,1,0,01 新北市,1 一般
1002,輔仁大學,620601,食品科學系,浙江,M 碩士,1,0,01 新北市,1 一般
1002,輔仁大學,720201,公共衛生學系,浙江,B 學士,0,1,01 新北市,1 一般
1002,輔仁大學,720507,營養科學系,北京,B 學士,0,1,01 新北市,1 一般
1002,輔仁大學,720507,營養科學系,廣東,B 學士,0,1,01 新北市,1 一般
1002,輔仁大學,760403,兒童與家庭學系,北京,M 碩士,0,2,01 新北市,1 一般
1002,輔仁大學,760403,兒童與家庭學系,福建,M 碩士,0,1,01 新北市,1 一般
1002,輔仁大學,760403,兒童與家庭學系,廣東,M 碩士,0,1,01 新北市,1 一般
1002,輔仁大學,810102,餐旅管理學系,北京,M 碩士,0,1,01 新北市,1 一般
1002,輔仁大學,810102,餐旅管理學系,遼寧,M 碩士,0,1,01 新北市,1 一般
1003,東吳大學,340201,會計學系,江蘇,M 碩士,1,0,30 臺北市,1 一般
1003,東吳大學,340301,企業管理學系,北京,M 碩士,1,0,30 臺北市,1 一般
1003,東吳大學,380101,法律學系,廣東,M 碩士,0,1,30 臺北市,1 一般
1004,中原大學,140601,特殊教育學系,上海,B 學士,1,0,03 桃園市,1 一般
1004,中原大學,230302,商業設計學系,江蘇,B 學士,0,1,03 桃園市,1 一般
1004,中原大學,340201,會計學系,廣東,B 學士,1,0,03 桃園市,1 一般
1004,中原大學,340301,企業管理學系,上海,B 學士,1,0,03 桃園市,1 一般
1004,中原大學,340301,企業管理學系,浙江,B 學士,2,0,03 桃園市,1 一般
1004,中原大學,340301,企業管理學系,福建,B 學士,1,2,03 桃園市,1 一般
1004,中原大學,340408,國際經營與貿易學系,北京,B 學士,2,0,03 桃園市,1 一般
1004,中原大學,340408,國際經營與貿易學系,浙江,B 學士,2,0,03 桃園市,1 一般
1004,中原大學,340408,國際經營與貿易學系,福建,B 學士,0,1,03 桃園市,1 一般
1004,中原大學,340501,財務金融學系,北京,B 學士,1,1,03 桃園市,1 一般
1004,中原大學,420302,生物科技學系,廣東,B 學士,1,0,03 桃園市,1 一般
1004,中原大學,460102,應用數學系,浙江,B 學士,1,0,03 桃園市,1 一般
1004,中原大學,480109,資訊管理學系,上海,B 學士,0,1,03 桃園市,1 一般
1004,中原大學,520101,電機工程學系,廣東,B 學士,1,0,03 桃園市,1 一般
1004,中原大學,520103,電子工程學系,上海,B 學士,2,1,03 桃園市,1 一般
1004,中原大學,520103,電子工程學系,浙江,B 學士,1,0,03 桃園市,1 一般
1004,中原大學,520103,電子工程學系,福建,B 學士,2,0,03 桃園市,1 一般
1004,中原大學,520103,電子工程學系,廣東,B 學士,1,0,03 桃園市,1 一般
1004,中原大學,520201,機械工程學系,浙江,B 學士,2,0,03 桃園市,1 一般
1004,中原大學,520201,機械工程學系,廣東,B 學士,1,0,03 桃園市,1 一般
1004,中原大學,520301,土木工程學系,上海,B 學士,1,0,03 桃園市,1 一般
1004,中原大學,520301,土木工程學系,浙江,B 學士,4,1,03 桃園市,1 一般
1004,中原大學,520301,土木工程學系,福建,B 學士,1,0,03 桃園市,1 一般
1004,中原大學,520301,土木工程學系,廣東,B 學士,1,0,03 桃園市,1 一般
1004,中原大學,520315,環境工程學系,浙江,B 學士,1,0,03 桃園市,1 一般
1005,淡江大學,140801,教育科技學系,北京,B 學士,1,0,01 新北市,1 一般
1005,淡江大學,220309,英文學系,上海,B 學士,1,3,01 新北市,1 一般
1005,淡江大學,220309,英文學系,浙江,B 學士,1,2,01 新北市,1 一般
1005,淡江大學,220309,英文學系,福建,B 學士,0,1,01 新北市,1 一般
1005,淡江大學,220309,英文學系,廣東,B 學士,1,3,01 新北市,1 一般
1005,淡江大學,220320,日本語文學系,浙江,B 學士,0,1,01 新北市,1 一般
1005,淡江大學,220320,日本語文學系,福建,B 學士,0,1,01 新北市,1 一般
1005,淡江大學,220320,日本語文學系,廣東,B 學士,1,0,01 新北市,1 一般
1005,淡江大學,310101,經濟學系,浙江,M 碩士,1,0,01 新北市,1 一般
1005,淡江大學,310104,產業經濟學系,福建,M 碩士,0,1,01 新北市,1 一般
1005,淡江大學,320101,大眾傳播學系,上海,M 碩士,1,0,01 新北市,1 一般
1005,淡江大學,320101,大眾傳播學系,北京,B 學士,0,1,01 新北市,1 一般
1005,淡江大學,320101,大眾傳播學系,福建,B 學士,0,2,01 新北市,1 一般
1005,淡江大學,320601,資訊與圖書館學系,福建,B 學士,1,2,01 新北市,1 一般
1005,淡江大學,320601,資訊與圖書館學系,廣東,B 學士,1,0,01 新北市,1 一般
1005,淡江大學,340501,財務金融學系,廣東,M 碩士,1,0,01 新北市,1 一般
1005,淡江大學,440101,化學學系化學與生物化學組,浙江,B 學士,2,0,01 新北市,1 一般
1005,淡江大學,440101,化學學系化學與生物化學組,福建,B 學士,1,0,01 新北市,1 一般
1005,淡江大學,480310,資訊創新與科技學系應用資訊全英語組,上海,B 學士,1,0,01 新北市,1 一般
1005,淡江大學,480310,資訊創新與科技學系應用資訊全英語組,北京,B 學士,1,1,01 新北市,1 一般
1005,淡江大學,480310,資訊創新與科技學系應用資訊全英語組,江蘇,B 學士,1,0,01 新北市,1 一般
1005,淡江大學,480310,資訊創新與科技學系應用資訊全英語組,福建,B 學士,0,4,01 新北市,1 一般
1005,淡江大學,480310,資訊創新與科技學系軟體工程全英語組,福建,B 學士,4,0,01 新北市,1 一般
1005,淡江大學,480310,資訊創新與科技學系軟體工程全英語組,廣東,B 學士,0,1,01 新北市,1 一般
1005,淡江大學,480310,資訊創新與科技學系應用資訊全英語組,廣東,B 學士,2,1,01 新北市,1 一般
1005,淡江大學,520114,資訊工程學系,北京,M 碩士,1,0,01 新北市,1 一般
1005,淡江大學,520114,資訊工程學系,北京,B 學士,1,0,01 新北市,1 一般
1005,淡江大學,520114,資訊工程學系,浙江,B 學士,4,0,01 新北市,1 一般
1005,淡江大學,520114,資訊工程學系,福建,B 學士,2,0,01 新北市,1 一般
1005,淡江大學,520114,資訊工程學系,廣東,B 學士,2,0,01 新北市,1 一般
1006,中國文化大學,140315,體育學系,浙江,B 學士,0,1,30 臺北市,1 一般
1006,中國文化大學,210401,音樂學系,福建,B 學士,1,0,30 臺北市,1 一般
1006,中國文化大學,210402,中國音樂學系,廣東,B 學士,0,1,30 臺北市,1 一般
1006,中國文化大學,220201,中國文學系中國文學組,上海,B 學士,0,1,30 臺北市,1 一般
1006,中國文化大學,220201,中國文學系中國文學組,江蘇,B 學士,0,1,30 臺北市,1 一般
1006,中國文化大學,220201,中國文學系中國文學組,浙江,B 學士,0,1,30 臺北市,1 一般
1006,中國文化大學,220201,中國文學系文藝創作組,浙江,B 學士,0,2,30 臺北市,1 一般
1006,中國文化大學,220201,中國文學系文藝創作組,廣東,B 學士,1,0,30 臺北市,1 一般
1006,中國文化大學,220307,英國語文學系,福建,B 學士,0,1,30 臺北市,1 一般
1006,中國文化大學,220307,英國語文學系,廣東,B 學士,1,0,30 臺北市,1 一般
1006,中國文化大學,220314,法國語文學系,江蘇,B 學士,0,1,30 臺北市,1 一般
1006,中國文化大學,220901,史學系,江蘇,B 學士,0,1,30 臺北市,1 一般
1006,中國文化大學,220901,史學系,廣東,B 學士,1,0,30 臺北市,1 一般
1006,中國文化大學,310101,經濟學系,北京,B 學士,1,0,30 臺北市,1 一般
1006,中國文化大學,310101,經濟學系,江蘇,B 學士,1,0,30 臺北市,1 一般
1006,中國文化大學,310101,經濟學系,福建,B 學士,1,0,30 臺北市,1 一般
1006,中國文化大學,310101,經濟學系,廣東,B 學士,0,1,30 臺北市,1 一般
1006,中國文化大學,310504,心理輔導學系,江蘇,B 學士,0,1,30 臺北市,1 一般
1006,中國文化大學,310504,心理輔導學系,福建,B 學士,0,1,30 臺北市,1 一般
1006,中國文化大學,320101,大眾傳播學系,上海,B 學士,1,0,30 臺北市,1 一般
1006,中國文化大學,320101,大眾傳播學系,福建,B 學士,1,0,30 臺北市,1 一般
1006,中國文化大學,320101,大眾傳播學系,廣東,B 學士,0,2,30 臺北市,1 一般
1006,中國文化大學,320201,新聞學系,上海,B 學士,0,1,30 臺北市,1 一般
1006,中國文化大學,320201,新聞學系,浙江,B 學士,0,2,30 臺北市,1 一般
1006,中國文化大學,340307,國際企業管理學系,江蘇,B 學士,1,0,30 臺北市,1 一般
1006,中國文化大學,340307,國際企業管理學系,浙江,B 學士,1,0,30 臺北市,1 一般
1006,中國文化大學,340307,國際企業管理學系,福建,B 學士,1,4,30 臺北市,1 一般
1006,中國文化大學,340307,國際企業管理學系,廣東,M 碩士,1,0,30 臺北市,1 一般
1006,中國文化大學,340307,國際企業管理學系,廣東,B 學士,0,1,30 臺北市,1 一般
1006,中國文化大學,340401,國際貿易學系,浙江,B 學士,1,2,30 臺北市,1 一般
1006,中國文化大學,340401,國際貿易學系,廣東,M 碩士,0,1,30 臺北市,1 一般
1006,中國文化大學,340401,國際貿易學系,廣東,B 學士,2,2,30 臺北市,1 一般
1006,中國文化大學,380101,法律學系,上海,M 碩士,0,1,30 臺北市,1 一般
1006,中國文化大學,380101,法律學系法學組,上海,B 學士,1,1,30 臺北市,1 一般
1006,中國文化大學,380101,法律學系財經法律組,浙江,B 學士,0,1,30 臺北市,1 一般
1006,中國文化大學,440401,大氣科學系,上海,B 學士,1,0,30 臺北市,1 一般
1006,中國文化大學,580108,建築及都市設計學系,廣東,B 學士,3,2,30 臺北市,1 一般
1006,中國文化大學,580203,景觀學系,浙江,B 學士,1,1,30 臺北市,1 一般
1006,中國文化大學,580203,景觀學系,福建,B 學士,1,0,30 臺北市,1 一般
1006,中國文化大學,580203,景觀學系,廣東,B 學士,0,1,30 臺北市,1 一般
1006,中國文化大學,620302,園藝暨生物技術學系,廣東,B 學士,0,1,30 臺北市,1 一般
1006,中國文化大學,720503,保健營養學系,江蘇,B 學士,0,1,30 臺北市,1 一般
1006,中國文化大學,720503,保健營養學系,廣東,B 學士,1,0,30 臺北市,1 一般
1007,逢甲大學,220301,外國語文學系,福建,B 學士,0,1,19 臺中市,1 一般
1007,逢甲大學,340301,企業管理學系,福建,B 學士,1,0,19 臺中市,1 一般
1007,逢甲大學,340401,國際貿易學系,上海,M 碩士,0,1,19 臺中市,1 一般
1007,逢甲大學,340401,國際貿易學系,福建,B 學士,0,1,19 臺中市,1 一般
1007,逢甲大學,340501,財務金融學系,江蘇,B 學士,1,0,19 臺中市,1 一般
1007,逢甲大學,340501,財務金融學系,浙江,B 學士,1,0,19 臺中市,1 一般
1007,逢甲大學,340501,財務金融學系,廣東,B 學士,1,1,19 臺中市,1 一般
1007,逢甲大學,340601,風險管理與保險學系,廣東,B 學士,1,0,19 臺中市,1 一般
1007,逢甲大學,340801,行銷學系,廣東,B 學士,0,1,19 臺中市,1 一般
1007,逢甲大學,460102,應用數學系,浙江,B 學士,1,0,19 臺中市,1 一般
1007,逢甲大學,460102,應用數學系,福建,B 學士,1,0,19 臺中市,1 一般
1007,逢甲大學,520103,電子工程學系,江蘇,B 學士,1,0,19 臺中市,1 一般
1007,逢甲大學,520114,資訊工程學系,廣東,B 學士,1,0,19 臺中市,1 一般
1007,逢甲大學,520401,化學工程學系,北京,B 學士,1,0,19 臺中市,1 一般
1007,逢甲大學,520502,材料科學與工程學系,江蘇,B 學士,1,0,19 臺中市,1 一般
1008,靜宜大學,220307,英國語文學系,浙江,B 學士,0,1,06 臺中市,1 一般
1008,靜宜大學,320101,大眾傳播學系,浙江,B 學士,0,2,06 臺中市,1 一般
1008,靜宜大學,320101,大眾傳播學系,福建,B 學士,1,1,06 臺中市,1 一般
1008,靜宜大學,320101,大眾傳播學系,廣東,B 學士,0,1,06 臺中市,1 一般
1008,靜宜大學,340201,會計學系,江蘇,B 學士,0,1,06 臺中市,1 一般
1008,靜宜大學,340201,會計學系,浙江,B 學士,0,1,06 臺中市,1 一般
1008,靜宜大學,340201,會計學系,福建,B 學士,0,2,06 臺中市,1 一般
1008,靜宜大學,340307,國際企業學系,江蘇,B 學士,1,0,06 臺中市,1 一般
1008,靜宜大學,340307,國際企業學系,福建,B 學士,0,2,06 臺中市,1 一般
1008,靜宜大學,340307,國際企業學系,廣東,B 學士,0,2,06 臺中市,1 一般
1008,靜宜大學,340501,財務金融學系,上海,B 學士,0,1,06 臺中市,1 一般
1008,靜宜大學,340501,財務金融學系,浙江,B 學士,1,1,06 臺中市,1 一般
1008,靜宜大學,340501,財務金融學系,福建,B 學士,0,2,06 臺中市,1 一般
1008,靜宜大學,340501,財務金融學系,廣東,B 學士,2,1,06 臺中市,1 一般
1008,靜宜大學,380101,法律學系,江蘇,B 學士,0,1,06 臺中市,1 一般
1008,靜宜大學,469903,財務與計算數學系財務工程組,浙江,B 學士,0,1,06 臺中市,1 一般
1008,靜宜大學,469903,財務與計算數學系財務工程組,福建,B 學士,0,1,06 臺中市,1 一般
1008,靜宜大學,480109,資訊管理學系,浙江,M 碩士,0,1,06 臺中市,1 一般
1008,靜宜大學,520114,資訊工程學系,福建,M 碩士,1,0,06 臺中市,1 一般
1008,靜宜大學,720501,食品營養學系營養與保健組,上海,B 學士,1,0,06 臺中市,1 一般
1008,靜宜大學,720501,食品營養學系食品與生物技術組,江蘇,B 學士,0,1,06 臺中市,1 一般
1008,靜宜大學,720501,食品營養學系食品與生物技術組,福建,B 學士,0,1,06 臺中市,1 一般
1008,靜宜大學,720501,食品營養學系營養與保健組,福建,B 學士,1,0,06 臺中市,1 一般
1008,靜宜大學,720501,食品營養學系營養與保健組,廣東,B 學士,0,1,06 臺中市,1 一般
1008,靜宜大學,810202,觀光事業學系,上海,B 學士,1,0,06 臺中市,1 一般
1008,靜宜大學,810803,化粧品科學系,浙江,B 學士,1,0,06 臺中市,1 一般
1008,靜宜大學,810803,化粧品科學系,福建,B 學士,0,1,06 臺中市,1 一般
1008,靜宜大學,810803,化粧品科學系,廣東,B 學士,0,1,06 臺中市,1 一般
1009,長庚大學,520103,電子工程學系,湖北,M 碩士,1,0,03 桃園市,1 一般
1010,元智大學,210709,藝術與設計學系,浙江,B 學士,0,2,03 桃園市,1 一般
1010,元智大學,320105,資訊傳播學系,福建,B 學士,1,0,03 桃園市,1 一般
1010,元智大學,320105,資訊傳播學系,廣東,B 學士,1,0,03 桃園市,1 一般
1010,元智大學,349999,管理學院,北京,B 學士,0,1,03 桃園市,1 一般
1010,元智大學,349999,管理學院,浙江,B 學士,0,1,03 桃園市,1 一般
1010,元智大學,349999,管理學院,福建,B 學士,2,2,03 桃園市,1 一般
1010,元智大學,349999,管理學院,廣東,B 學士,2,2,03 桃園市,1 一般
1010,元智大學,480109,資訊管理學系,福建,B 學士,0,1,03 桃園市,1 一般
1010,元智大學,520101,電機工程學系,福建,B 學士,1,0,03 桃園市,1 一般
1010,元智大學,520114,資訊工程學系,福建,B 學士,1,0,03 桃園市,1 一般
1010,元智大學,520126,通訊工程學系,廣東,B 學士,2,0,03 桃園市,1 一般
1011,中華大學,340504,財務管理學系,浙江,B 學士,0,1,18 新竹市,1 一般
1011,中華大學,520114,資訊工程學系資訊工程組,福建,B 學士,1,0,18 新竹市,1 一般
1011,中華大學,520301,土木工程學系,福建,B 學士,1,0,18 新竹市,1 一般
1012,大葉大學,340201,會計資訊學系,福建,B 學士,2,0,07 彰化縣,1 一般
1012,大葉大學,480524,多媒體數位內容學位學程,浙江,B 學士,1,0,07 彰化縣,1 一般
1012,大葉大學,520101,電機工程學系,江蘇,B 學士,1,0,07 彰化縣,1 一般
1012,大葉大學,520101,電機工程學系,浙江,B 學士,1,0,07 彰化縣,1 一般
1012,大葉大學,520101,電機工程學系,福建,B 學士,1,0,07 彰化縣,1 一般
1012,大葉大學,520114,資訊工程學系,浙江,B 學士,1,0,07 彰化縣,1 一般
1012,大葉大學,520219,機械與自動化工程學系,廣東,B 學士,1,0,07 彰化縣,1 一般
1012,大葉大學,520901,環境工程學系,福建,B 學士,1,0,07 彰化縣,1 一般
1012,大葉大學,720317,藥用植物與保健學系,浙江,B 學士,0,1,07 彰化縣,1 一般
1014,義守大學,310807,公共政策與管理學系,廣東,B 學士,1,0,12 高雄市,1 一般
1014,義守大學,340301,企業管理學系,福建,B 學士,1,0,12 高雄市,1 一般
1014,義守大學,340501,財務金融學系,浙江,B 學士,1,0,12 高雄市,1 一般
1014,義守大學,340501,財務金融學系,廣東,B 學士,1,0,12 高雄市,1 一般
1014,義守大學,349906,工業管理學系,廣東,B 學士,1,0,12 高雄市,1 一般
1014,義守大學,520114,資訊工程學系,福建,B 學士,1,0,12 高雄市,1 一般
1015,世新大學,230203,數位多媒體設計學系動畫設計組,上海,B 學士,1,0,30 臺北市,1 一般
1015,世新大學,320105,資訊傳播學系,福建,B 學士,0,1,30 臺北市,1 一般
1015,世新大學,320108,口語傳播學系,上海,B 學士,1,0,30 臺北市,1 一般
1015,世新大學,320201,新聞學系,上海,M 碩士,1,1,30 臺北市,1 一般
1015,世新大學,320201,新聞學系,上海,B 學士,1,1,30 臺北市,1 一般
1015,世新大學,320201,新聞學系,江蘇,M 碩士,0,1,30 臺北市,1 一般
1015,世新大學,320201,新聞學系,浙江,B 學士,0,3,30 臺北市,1 一般
1015,世新大學,320201,新聞學系,福建,B 學士,2,0,30 臺北市,1 一般
1015,世新大學,320201,新聞學系,廣東,B 學士,0,2,30 臺北市,1 一般
1015,世新大學,320301,廣播電視電影學系電視組,江蘇,B 學士,0,1,30 臺北市,1 一般
1015,世新大學,320301,廣播電視電影學系電影組,浙江,B 學士,0,1,30 臺北市,1 一般
1015,世新大學,320301,廣播電視電影學系電影組,福建,B 學士,0,1,30 臺北市,1 一般
1015,世新大學,320301,廣播電視電影學系電影組,廣東,B 學士,0,1,30 臺北市,1 一般
1015,世新大學,320301,廣播電視電影學系電視組,廣東,B 學士,0,2,30 臺北市,1 一般
1015,世新大學,320401,公共關係暨廣告學系,上海,B 學士,0,1,30 臺北市,1 一般
1015,世新大學,320401,公共關係暨廣告學系,湖北,M 碩士,0,1,30 臺北市,1 一般
1015,世新大學,320703,圖文傳播暨數位出版學系,浙江,M 碩士,1,0,30 臺北市,1 一般
1015,世新大學,320703,圖文傳播暨數位出版學系,福建,B 學士,0,1,30 臺北市,1 一般
1015,世新大學,320703,圖文傳播暨數位出版學系,廣東,B 學士,0,1,30 臺北市,1 一般
1015,世新大學,349925,傳播管理學系,福建,M 碩士,0,1,30 臺北市,1 一般
1015,世新大學,349925,傳播管理學系,福建,B 學士,0,1,30 臺北市,1 一般
1016,銘傳大學,230203,數位媒體設計學系,福建,B 學士,0,1,30 臺北市,1 一般
1016,銘傳大學,230302,商業設計學系,浙江,B 學士,0,1,30 臺北市,1 一般
1016,銘傳大學,230307,商品設計學系,江蘇,B 學士,0,1,30 臺北市,1 一般
1016,銘傳大學,230307,商品設計學系,浙江,B 學士,1,0,30 臺北市,1 一般
1016,銘傳大學,230307,商品設計學系,廣東,B 學士,0,1,30 臺北市,1 一般
1016,銘傳大學,320201,新聞學系,江蘇,B 學士,1,0,30 臺北市,1 一般
1016,銘傳大學,320201,新聞學系,浙江,B 學士,1,1,30 臺北市,1 一般
1016,銘傳大學,320201,新聞學系,廣東,B 學士,0,2,30 臺北市,1 一般
1016,銘傳大學,320301,廣播電視學系,福建,B 學士,0,1,30 臺北市,1 一般
1016,銘傳大學,340301,企業管理學系,江蘇,B 學士,1,0,30 臺北市,1 一般
1016,銘傳大學,340301,企業管理學系,浙江,B 學士,3,0,30 臺北市,1 一般
1016,銘傳大學,340301,企業管理學系,福建,B 學士,1,1,30 臺北市,1 一般
1016,銘傳大學,340501,財務金融學系,上海,B 學士,1,2,30 臺北市,1 一般
1016,銘傳大學,340501,財務金融學系,北京,M 碩士,1,0,30 臺北市,1 一般
1016,銘傳大學,340501,財務金融學系,北京,B 學士,0,2,30 臺北市,1 一般
1016,銘傳大學,340501,財務金融學系,浙江,M 碩士,1,0,30 臺北市,1 一般
1016,銘傳大學,340501,財務金融學系,浙江,B 學士,4,6,30 臺北市,1 一般
1016,銘傳大學,340501,財務金融學系,福建,B 學士,4,6,30 臺北市,1 一般
1016,銘傳大學,340501,財務金融學系,廣東,B 學士,4,2,30 臺北市,1 一般
1016,銘傳大學,340601,風險管理與保險學系,上海,B 學士,1,0,30 臺北市,1 一般
1016,銘傳大學,340601,風險管理與保險學系,浙江,B 學士,0,1,30 臺北市,1 一般
1016,銘傳大學,340601,風險管理與保險學系,廣東,B 學士,0,1,30 臺北市,1 一般
1016,銘傳大學,349925,傳播管理學系,福建,B 學士,0,1,30 臺北市,1 一般
1016,銘傳大學,349925,傳播管理學系,廣東,B 學士,0,1,30 臺北市,1 一般
1016,銘傳大學,480109,資訊管理學系,浙江,B 學士,1,0,30 臺北市,1 一般
1016,銘傳大學,520103,電子工程學系,福建,B 學士,1,0,30 臺北市,1 一般
1016,銘傳大學,520130,電腦與通訊工程學系,浙江,B 學士,1,0,30 臺北市,1 一般
1016,銘傳大學,520130,電腦與通訊工程學系,福建,B 學士,2,0,30 臺北市,1 一般
1018,朝陽科技大學,220312,應用英語系,廣東,C 二技,1,0,06 臺中市,2 技職
1018,朝陽科技大學,230201,視覺傳達設計系,廣東,C 二技,0,1,06 臺中市,2 技職
1018,朝陽科技大學,230303,工業設計系,廣東,B 學士,1,0,06 臺中市,2 技職
1018,朝陽科技大學,340501,財務金融系,廣東,C 二技,1,0,06 臺中市,2 技職
1018,朝陽科技大學,580207,景觀及都市設計系,浙江,B 學士,1,0,06 臺中市,2 技職
1020,南華大學,320102,傳播學系,廣東,B 學士,1,0,10 嘉義縣,1 一般
1021,真理大學,340301,企業管理學系,浙江,B 學士,1,1,01 新北市,1 一般
1022,大同大學,340305,事業經營學系,浙江,B 學士,1,0,30 臺北市,1 一般
1023,南臺科技大學,230201,視覺傳達設計系商業設計組,浙江,B 學士,1,0,11 臺南市,2 技職
1023,南臺科技大學,340301,企業管理系,福建,B 學士,1,0,11 臺南市,2 技職
1023,南臺科技大學,340501,財務金融系,浙江,B 學士,1,0,11 臺南市,2 技職
1023,南臺科技大學,340501,財務金融系,廣東,B 學士,0,1,11 臺南市,2 技職
1023,南臺科技大學,340802,行銷與流通管理系,江蘇,B 學士,1,0,11 臺南市,2 技職
1023,南臺科技大學,340802,行銷與流通管理系,廣東,B 學士,1,0,11 臺南市,2 技職
1023,南臺科技大學,520101,電機工程系控制與晶片組,浙江,B 學士,1,0,11 臺南市,2 技職
1023,南臺科技大學,520103,電子工程系系統應用組,廣東,B 學士,1,0,11 臺南市,2 技職
1024,崑山科技大學,220312,應用英語系,浙江,B 學士,1,0,11 臺南市,2 技職
1024,崑山科技大學,230402,空間設計系,福建,B 學士,1,0,11 臺南市,2 技職
1024,崑山科技大學,320401,公共關係暨廣告系,江蘇,B 學士,0,1,11 臺南市,2 技職
1024,崑山科技大學,320401,公共關係暨廣告系,浙江,B 學士,1,0,11 臺南市,2 技職
1024,崑山科技大學,340301,企業管理系,廣東,B 學士,1,0,11 臺南市,2 技職
1024,崑山科技大學,340401,國際貿易系,廣東,B 學士,1,0,11 臺南市,2 技職
1024,崑山科技大學,520101,電機工程系,浙江,B 學士,1,0,11 臺南市,2 技職
1024,崑山科技大學,520103,電子工程系,福建,B 學士,1,0,11 臺南市,2 技職
1024,崑山科技大學,520103,電子工程系,廣東,B 學士,1,0,11 臺南市,2 技職
1024,崑山科技大學,520130,電腦與通訊系,浙江,B 學士,1,0,11 臺南市,2 技職
1024,崑山科技大學,520255,機械工程系機械與能源工程博士班,廣東,D 博士,1,0,11 臺南市,2 技職
1024,崑山科技大學,760401,幼兒保育系,廣東,B 學士,0,1,11 臺南市,2 技職
1025,嘉南藥理大學,349930,文化事業發展系,廣東,B 學士,0,1,11 臺南市,2 技職
1025,嘉南藥理大學,520903,環境工程與科學系,廣東,B 學士,0,1,11 臺南市,2 技職
1028,臺北醫學大學,340901,醫務管理學系,福建,B 學士,1,0,30 臺北市,1 一般
1028,臺北醫學大學,720201,公共衛生學系,浙江,B 學士,1,0,30 臺北市,1 一般
1028,臺北醫學大學,720201,公共衛生學系,廣東,B 學士,1,0,30 臺北市,1 一般
1028,臺北醫學大學,720601,護理學系,上海,B 學士,0,1,30 臺北市,1 一般
1028,臺北醫學大學,720601,護理學系,江蘇,B 學士,0,1,30 臺北市,1 一般
1028,臺北醫學大學,720803,牙體技術學系,廣東,B 學士,1,0,30 臺北市,1 一般
1028,臺北醫學大學,760219,高齡健康管理學系,廣東,B 學士,0,1,30 臺北市,1 一般
1030,龍華科技大學,340501,財務金融系,江蘇,B 學士,0,1,03 桃園市,2 技職
1030,龍華科技大學,340501,財務金融系,浙江,B 學士,2,1,03 桃園市,2 技職
1030,龍華科技大學,340501,財務金融系,福建,B 學士,0,1,03 桃園市,2 技職
1030,龍華科技大學,340501,財務金融系,廣東,B 學士,1,1,03 桃園市,2 技職
1030,龍華科技大學,480109,資訊管理系,福建,B 學士,0,1,03 桃園市,2 技職
1030,龍華科技大學,480301,多媒體與遊戲發展科學系,廣東,C 二技,1,1,03 桃園市,2 技職
1030,龍華科技大學,520117,資訊網路工程系,浙江,B 學士,0,1,03 桃園市,2 技職
1031,輔英科技大學,420302,生物科技系,上海,B 學士,0,1,12 高雄市,2 技職
1031,輔英科技大學,520903,環境工程與科學系,福建,B 學士,1,0,12 高雄市,2 技職
1031,輔英科技大學,720504,保健營養系,浙江,B 學士,0,1,12 高雄市,2 技職
1032,明新科技大學,520601,工業工程與管理系,北京,B 學士,1,0,04 新竹縣,2 技職
1034,弘光科技大學,220312,應用英語系,江蘇,B 學士,0,1,06 臺中市,2 技職
1034,弘光科技大學,349930,文化創意產業系,浙江,B 學士,1,0,06 臺中市,2 技職
1034,弘光科技大學,480109,資訊管理系,浙江,B 學士,1,0,06 臺中市,2 技職
1034,弘光科技大學,520905,環境與安全衛生工程系環境工程組,江蘇,B 學士,1,0,06 臺中市,2 技職
1034,弘光科技大學,720601,護理系,上海,B 學士,0,1,06 臺中市,2 技職
1035,中國醫藥大學,720712,生物醫學影像暨放射科學學系,浙江,B 學士,1,0,19 臺中市,1 一般
1035,中國醫藥大學,720712,生物醫學影像暨放射科學學系,福建,B 學士,1,0,19 臺中市,1 一般
1036,健行科技大學,520114,資訊工程系網路技術組,浙江,B 學士,1,0,03 桃園市,2 技職
1037,正修科技大學,220303,應用外語系商務英語組,福建,B 學士,0,1,12 高雄市,2 技職
1037,正修科技大學,340301,企業管理系投資理財組,江蘇,B 學士,1,0,12 高雄市,2 技職
1037,正修科技大學,340301,企業管理系投資理財組,福建,B 學士,1,0,12 高雄市,2 技職
1037,正修科技大學,340307,國際企業系國際貿易組,浙江,B 學士,2,1,12 高雄市,2 技職
1037,正修科技大學,340307,國際企業系國際行銷組,福建,B 學士,1,0,12 高雄市,2 技職
1037,正修科技大學,340501,財務金融系公司理財組,福建,B 學士,1,1,12 高雄市,2 技職
1037,正修科技大學,480505,數位多媒體設計系,福建,B 學士,0,1,12 高雄市,2 技職
1037,正修科技大學,520101,電機工程系電機與控制組,廣東,B 學士,1,0,12 高雄市,2 技職
1037,正修科技大學,520103,電子工程系光電組,浙江,B 學士,1,0,12 高雄市,2 技職
1037,正修科技大學,520302,土木與空間資訊系工程技術組,福建,B 學士,1,0,12 高雄市,2 技職
1037,正修科技大學,520302,土木與空間資訊系工程技術組,廣東,B 學士,1,1,12 高雄市,2 技職
1038,萬能科技大學,340802,行銷與流通管理系,江蘇,B 學士,1,0,03 桃園市,2 技職
1038,萬能科技大學,520106,光電工程系,江蘇,B 學士,1,0,03 桃園市,2 技職
1039,玄奘大學,340301,企業管理學系財富管理組,江蘇,B 學士,0,1,18 新竹市,1 一般
1042,高苑科技大學,520103,電子工程系,福建,B 學士,1,0,12 高雄市,2 技職
1044,聖約翰科技大學,230111,創意設計系,廣東,C 二技,0,1,01 新北市,2 技職
1044,聖約翰科技大學,340403,國際商務系,江蘇,B 學士,0,1,01 新北市,2 技職
1044,聖約翰科技大學,340403,國際商務系,浙江,B 學士,0,1,01 新北市,2 技職
1044,聖約翰科技大學,340403,國際商務系,福建,B 學士,1,0,01 新北市,2 技職
1044,聖約翰科技大學,520101,電機工程系,福建,C 二技,1,0,01 新北市,2 技職
1044,聖約翰科技大學,520220,機械與電腦輔助工程系,廣東,B 學士,1,0,01 新北市,2 技職
1044,聖約翰科技大學,520601,工業工程與管理系,上海,B 學士,1,0,01 新北市,2 技職
1045,嶺東科技大學,220303,應用外語系,江蘇,B 學士,0,1,19 臺中市,2 技職
1045,嶺東科技大學,220303,應用外語系,浙江,B 學士,0,1,19 臺中市,2 技職
1045,嶺東科技大學,230103,流行設計系,廣東,B 學士,0,1,19 臺中市,2 技職
1045,嶺東科技大學,230201,視覺傳達設計系,浙江,B 學士,0,1,19 臺中市,2 技職
1045,嶺東科技大學,230201,視覺傳達設計系,廣東,B 學士,0,2,19 臺中市,2 技職
1045,嶺東科技大學,230203,數位媒體設計系,江蘇,B 學士,1,0,19 臺中市,2 技職
1045,嶺東科技大學,340501,財務金融系,浙江,B 學士,1,1,19 臺中市,2 技職
1045,嶺東科技大學,340501,財務金融系,福建,B 學士,1,1,19 臺中市,2 技職
1045,嶺東科技大學,340501,財務金融系,廣東,B 學士,2,1,19 臺中市,2 技職
1045,嶺東科技大學,340501,財務金融系,廣東,C 二技,1,0,19 臺中市,2 技職
1045,嶺東科技大學,340802,行銷與流通管理系,浙江,B 學士,2,0,19 臺中市,2 技職
1045,嶺東科技大學,810201,觀光與休閒管理系,浙江,B 學士,1,0,19 臺中市,2 技職
1045,嶺東科技大學,810201,觀光與休閒管理系,廣東,B 學士,1,0,19 臺中市,2 技職
1046,中國科技大學,340201,會計系,廣東,C 二技,1,2,30 臺北市,2 技職
1046,中國科技大學,340802,行銷與流通管理系,浙江,B 學士,0,1,30 臺北市,2 技職
1046,中國科技大學,340802,行銷與流通管理系,福建,B 學士,1,0,30 臺北市,2 技職
1046,中國科技大學,340802,行銷與流通管理系,廣東,B 學士,0,2,30 臺北市,2 技職
1046,中國科技大學,520323,土木與防災設計系,福建,C 二技,2,0,30 臺北市,2 技職
1046,中國科技大學,810508,觀光與休閒事業管理系,上海,B 學士,0,1,30 臺北市,2 技職
1046,中國科技大學,810508,觀光與休閒事業管理系,廣東,B 學士,1,0,30 臺北市,2 技職
1048,亞洲大學,230104,時尚設計學系,江蘇,B 學士,0,2,06 臺中市,1 一般
1048,亞洲大學,230104,時尚設計學系,福建,B 學士,0,1,06 臺中市,1 一般
1048,亞洲大學,230201,視覺傳達設計學系,浙江,B 學士,0,2,06 臺中市,1 一般
1048,亞洲大學,230309,創意商品設計學系,浙江,B 學士,0,1,06 臺中市,1 一般
1048,亞洲大學,230309,創意商品設計學系流行精品設計組,福建,B 學士,1,0,06 臺中市,1 一般
1048,亞洲大學,230309,創意商品設計學系,廣東,B 學士,1,2,06 臺中市,1 一般
1048,亞洲大學,310501,心理學系,北京,B 學士,1,0,06 臺中市,1 一般
1048,亞洲大學,520126,光電與通訊學系,江蘇,B 學士,1,0,06 臺中市,1 一般
1050,佛光大學,229908,文化資產與創意學系,北京,B 學士,0,1,02 宜蘭縣,1 一般
1053,元培醫事科技大學,220312,應用英語系,浙江,B 學士,1,0,18 新竹市,2 技職
1053,元培醫事科技大學,340301,企業管理系,福建,B 學士,1,0,18 新竹市,2 技職
1053,元培醫事科技大學,340504,應用財務管理系,福建,B 學士,1,0,18 新竹市,2 技職
1053,元培醫事科技大學,340901,醫務管理系,浙江,B 學士,1,0,18 新竹市,2 技職
1053,元培醫事科技大學,420302,生物科技暨製藥技術系,福建,C 二技,1,0,18 新竹市,2 技職
1053,元培醫事科技大學,520902,環境工程衛生系,江蘇,B 學士,0,1,18 新竹市,2 技職
1053,元培醫事科技大學,520902,環境工程衛生系,廣東,B 學士,1,0,18 新竹市,2 技職
1053,元培醫事科技大學,620601,食品科學系,浙江,B 學士,0,1,18 新竹市,2 技職
1053,元培醫事科技大學,720601,護理系,廣東,B 學士,0,1,18 新竹市,2 技職
1053,元培醫事科技大學,810103,餐飲管理系,北京,B 學士,1,0,18 新竹市,2 技職
1054,景文科技大學,230201,視覺傳達設計系,浙江,B 學士,0,1,01 新北市,2 技職
1054,景文科技大學,340501,財務金融系,廣東,C 二技,0,1,01 新北市,2 技職
1054,景文科技大學,810214,旅遊管理系,上海,B 學士,1,0,01 新北市,2 技職
1056,東南科技大學,220312,應用英語系,廣東,C 二技,0,1,01 新北市,2 技職
1056,東南科技大學,520201,機械工程系,北京,B 學士,1,0,01 新北市,2 技職
1056,東南科技大學,520901,環境工程系,福建,C 二技,1,0,01 新北市,2 技職
1057,德明財經科技大學,340201,會計資訊系,福建,B 學士,0,1,30 臺北市,2 技職
1057,德明財經科技大學,340702,財政稅務系,廣東,B 學士,0,1,30 臺北市,2 技職
1058,明道大學,340501,財務金融學系,浙江,B 學士,1,0,07 彰化縣,1 一般
1058,明道大學,340501,財務金融學系,廣東,B 學士,3,0,07 彰化縣,1 一般
1058,明道大學,521322,材料與能源工程學系,廣東,B 學士,3,0,07 彰化縣,1 一般
1058,明道大學,580208,景觀與環境設計學系,廣東,B 學士,2,0,07 彰化縣,1 一般
1061,中華科技大學,520101,電機工程系,福建,B 學士,1,0,30 臺北市,2 技職
1061,中華科技大學,520201,機械工程系,浙江,B 學士,1,0,30 臺北市,2 技職
1063,育達科技大學,340301,企業管理系,浙江,B 學士,2,0,05 苗栗縣,2 技職
1063,育達科技大學,340301,企業管理系,福建,B 學士,1,0,05 苗栗縣,2 技職
1063,育達科技大學,340523,財務資訊與金融系,浙江,B 學士,2,0,05 苗栗縣,2 技職
1063,育達科技大學,340802,行銷與流通管理系,江蘇,B 學士,1,0,05 苗栗縣,2 技職
1064,美和科技大學,230130,珠寶系,廣東,C 二技,1,0,13 屏東縣,2 技職
1067,台灣首府大學,810508,休閒管理學系,福建,B 學士,0,1,11 臺南市,1 一般
1069,修平科技大學,520601,工業工程與管理系,浙江,B 學士,0,1,06 臺中市,2 技職
1069,修平科技大學,520601,工業工程與管理系,廣東,B 學士,1,0,06 臺中市,2 技職
1071,臺北城市科技大學,340301,企業管理系,廣東,C 二技,0,1,30 臺北市,2 技職
1071,臺北城市科技大學,810103,餐飲管理系,福建,B 學士,1,0,30 臺北市,2 技職
1073,醒吾科技大學,340301,企業管理系,浙江,B 學士,0,1,01 新北市,2 技職
1075,文藻外語大學,220314,法國語文系,福建,B 學士,0,1,50 高雄市,2 技職
1076,華夏科技大學,230401,室內設計系,浙江,B 學士,1,0,01 新北市,2 技職
1148,大漢技術學院,810202,觀光事業管理系,江蘇,B 學士,0,1,15 花蓮縣,2 技職
1184,東方設計學院,210301,美術工藝系,廣東,B 學士,1,0,12 高雄市,2 技職
1197,台北海洋技術學院,840121,海空物流與行銷系,浙江,B 學士,1,0,01 新北市,2 技職
1197,台北海洋技術學院,840121,海空物流與行銷系,福建,B 學士,1,0,01 新北市,2 技職
